drag,sent_time_ns,recv_time_ns,latency,currentThrust,currentTimestep,currentMassFlowRate,currentOxidiserMass,currentFuelMass,currentRocketTotalMass,netThrust,currentAcceleration,currentVelocityDelta,currentVelocity,currentAltitudeDelta,currentAltitude,requiredThrustChange
0,351170800051300,351170845974800,45923500,123191000.0,0,30628.52738619129,6446032.690811836,1074338.7818019725,7951371.472613809,45188045.85365853,5.683050528993097,5.683050528993097,5.683050528993097,5.683050528993097,5.683050528993097,63.31871171298348
21162.87234873467,351170941598100,351170957455800,15857700,123191000.0,1,30628.52738619129,6419779.667337958,1069963.2778896594,7920742.945227617,45467348.834968336,5.740288398370912,5.740288398370912,11.423338927364009,11.423338927364009,17.106389456357107,63.09198818503923
85412.61213504327,351171081179900,351171112952800,31772900,123191000.0,2,30628.52738619129,6393526.643864079,1065587.7739773463,7890114.417841426,45703564.948840566,5.792509782303528,5.792509782303528,17.215848709667537,17.215848709667537,34.32223816602465,62.90024031882154
193675.91162581768,351171223649400,351171239536700,15887300,123191000.0,3,30628.52738619129,6367273.620390201,1061212.270065033,7859485.890455235,45895767.50300832,5.839538125355673,5.839538125355673,23.05538683502321,23.05538683502321,57.37762500104786,62.744220354564604
346579.3852323482,351171379192700,351171397629400,18436700,123191000.0,4,30628.52738619129,6341020.596916323,1056836.76615272,7828857.3630690435,46043329.88306033,5.881232438881805,5.881232438881805,28.936619273905016,28.936619273905016,86.31424427495287,62.62443694502006
544436.0057446223,351171519726800,351171535680100,15953300,123191000.0,5,30628.52738619129,6314767.573442444,1052461.2622404068,7798228.835682852,46145939.1162066,5.917489738830655,5.917489738830655,34.85410901273567,34.85410901273567,121.16835328768855,62.54114414510265
787235.7079968007,351171660719600,351171706559800,45840200,123191000.0,6,30628.52738619129,6288514.549968566,1048085.7583280938,7767600.308296661,46203605.26761295,5.948247004710368,5.948247004710368,40.80235601744604,40.80235601744604,161.9707093051346,62.49433378443803
1074640.4397494195,351171833242100,351171864006400,30764300,123191000.0,7,30628.52738619129,6262261.526494687,1043710.2544157808,7736971.78091047,46216666.38951887,5.973482610282986,5.973482610282986,46.77583862772902,46.77583862772902,208.74654793286362,62.483731449928264
1405983.834658426,351171989724300,351172020780000,31055700,123191000.0,8,30628.52738619129,6236008.503020809,1039334.7505034677,7706343.253524278,46185788.84826839,5.993217188599356,5.993217188599356,52.769055816328375,52.769055816328375,261.515603749192,62.508796220285255
1780275.5691828388,351172177054700,351172206898700,29844000,123191000.0,9,30628.52738619129,6209755.479546931,1034959.2465911547,7675714.726138087,46111962.967402525,6.007513907516339,6.007513907516339,58.776569723844716,58.776569723844716,320.2921734730367,62.56872420274004
2196210.348340471,351172332835500,351172347693800,14858300,123191000.0,10,30628.52738619129,6183502.456073052,1030583.7426788417,7645086.198751896,45996494.04190343,6.016478146369706,6.016478146369706,64.79304787021442,64.79304787021442,385.08522134325113,62.66245582720861
2652181.3488092422,351172473454800,351172504146300,30691500,123191000.0,11,30628.52738619129,6157249.432599174,1026208.2387665287,7614457.671365704,45840988.89509319,6.020256579464483,6.020256579464483,70.81330444967891,70.81330444967891,455.89852579293006,62.788686758697324
3146297.8364813365,351172627836700,351172647189700,19353000,123191000.0,12,30628.52738619129,6130996.4091252955,1021832.7348542156,7583829.143979513,45647338.26107964,6.019035686915121,6.019035686915121,76.83234013659403,76.83234013659403,532.730865929524,62.94588219831024
3676406.573490233,351172816266400,351172831117300,14850900,123191000.0,13,30628.52738619129,6104743.385651417,1017457.2309419026,7553200.616593322,45417695.37772928,6.013039727549799,6.013039727549799,82.84537986414382,82.84537986414382,615.5762457936679,63.132294260352396
4240116.540785224,351172973724500,351173005667500,31943000,123191000.0,14,30628.52738619129,6078490.362177539,1013081.7270295896,7522572.0892071305,45154451.26409282,6.0025282215476965,6.0025282215476965,88.84790808569151,88.84790808569151,704.4241538793594,63.3459820408205
4834826.429714125,351173162107600,351173193935200,31827600,123191000.0,15,30628.52738619129,6052237.33870366,1008706.2231172766,7491943.561820939,44860207.228822455,5.98779300172932,5.98779300172932,94.83570108742083,94.83570108742083,799.2598549667803,63.584833933629525
5457754.302172077,351173319647100,351173349376600,29729500,123191000.0,16,30628.52738619129,6025984.315229782,1004330.7192049635,7461315.034434748,44537745.210023046,5.969154901579239,5.969154901579239,100.80485598900007,100.80485598900007,900.0647109557804,63.8465917071677
6105968.785145606,351173426268300,351173536760700,110492400,123191000.0,17,30628.52738619129,5999731.2917559035,999955.2152926505,7430686.507048557,44189996.58070805,5.9469601548646365,5.9469601548646365,106.75181614386472,106.75181614386472,1006.8165270996451,64.12887582639311
6776421.152425291,351173613579200,351173723478900,109899700,123191000.0,18,30628.52738619129,5973478.268282025,995579.7113803375,7400057.979662365,43820010.067086905,5.921576585956187,5.921576585956187,112.6733927298209,112.6733927298209,1119.489919829466,64.42921149508737
7465977.653429087,351173800985200,351173847689200,46704000,123191000.0,19,30628.52738619129,5947225.244808147,991204.2074680245,7369429.452276174,43430919.419741645,5.893389671615251,5.893389671615251,118.56678240143616,118.56678240143616,1238.0567022309021,64.74505489870067
8171451.47514789,351173988347200,351174036650200,48303000,123191000.0,20,30628.52738619129,5920972.221334268,986828.7035557114,7338800.924889983,43025911.451681376,5.862798554155683,5.862798554155683,124.42958095559185,124.42958095559185,1362.486283186494,65.07381914938479
8889633.76611934,351174174722900,351174222454600,47731700,123191000.0,21,30628.52738619129,5894719.19786039,982453.1996433984,7308172.397503791,42608195.01436847,5.830212082698253,5.830212082698253,130.2597930382901,130.2597930382901,1492.746076224784,65.41289946962969
9617323.208385415,351174333223100,351174409865900,76642800,123191000.0,22,30628.52738619129,5868466.174386512,978077.6957310854,7277543.8701176,42180971.42576092,5.7960449539796866,5.7960449539796866,136.05583799226977,136.05583799226977,1628.8019142170538,65.75969719722957
10351353.691514004,351174488674700,351174550356400,61681700,123191000.0,23,30628.52738619129,5842213.150912633,973702.1918187723,7246915.342731409,41747406.796290874,5.760714017193971,5.760714017193971,141.81655200946375,141.81655200946375,1770.6184662265175,66.11164224960356
11088619.718663493,351174643196200,351174770618100,127421900,123191000.0,24,30628.52738619129,5815960.127438755,969326.6879064593,7216286.8153452175,41310606.622799926,5.724634799015217,5.724634799015217,147.54118680847895,147.54118680847895,1918.1596530349964,66.4662137471082
11826099.255010616,351174832688600,351174863399100,30710500,123191000.0,25,30628.52738619129,5789707.103964876,964951.1839941463,7185658.287959026,40873592.940111324,5.688218295685312,5.688218295685312,153.22940510416427,153.22940510416427,2071.3890581391606,66.82095856019407
12560873.810445054,351174973124700,351175035440300,62315600,123191000.0,26,30628.52738619129,5763454.080490998,960575.6800818333,7155029.760572835,40439284.23833543,5.651868069252845,5.651868069252845,158.88127317341713,158.88127317341713,2230.2703313125776,67.17350761148506
14011251.927912684,351175191320800,351175205994900,14674100,123191000.0,28,30628.52738619129,5737201.05701712,956200.1761695202,7124401.233186644,40010478.27409818,5.6159776751094155,5.6159776751094155,164.49725084852653,164.49725084852653,2394.767582161104,67.52158982872272
14721676.217083063,351175375447500,351175407187100,31739600,123191000.0,29,30628.52738619129,5684695.010069363,947449.1683448942,7063144.178414261,39589837.82818487,5.5809284382361115,5.5809284382361115,170.07817928676263,170.07817928676263,2564.8457614478666,67.86304370596483
15419056.754360065,351175532968400,351175564579000,31610600,123191000.0,30,30628.52738619129,5658441.986595484,943073.6644325812,7032515.65102807,39179879.39267303,5.547087586348728,5.547087586348728,175.62526687311137,175.62526687311137,2740.471028320978,68.19582648677823
16101192.290891014,351175659723400,351175690197600,30474200,123191000.0,31,30628.52738619129,5632188.963121606,938698.1605202681,7001887.123641878,38782964.709054574,5.514806739660077,5.514806739660077,181.14007361277146,181.14007361277146,2921.6111019337495,68.51802103314806
16766045.267046994,351175831985700,351175863601400,31615700,123191000.0,32,30628.52738619129,5605935.939647728,934322.6566079551,6971258.596255687,38401295.02618215,5.484420749446266,5.484420749446266,186.62449436221772,186.62449436221772,3108.2355962959673,68.82784048657601
17411742.67147129,351175972555000,351176002100500,29545500,123191000.0,33,30628.52738619129,5579682.916173849,929947.1526956421,6940630.068869496,38036907.90368471,5.456246871133802,5.456246871133802,192.08074123335152,192.08074123335152,3300.316337529319,69.12363086290013
18036574.794745408,351176113252800,351176160640800,47388000,123191000.0,34,30628.52738619129,5553429.892699971,925571.6487833291,6910001.541483304,37691676.35291896,5.430584252282194,5.430584252282194,197.5113254856337,197.5113254856337,3497.8276630149526,69.40387174962542
18638992.125252523,351176269608100,351176300223200,30615100,123191000.0,35,30628.52738619129,5527176.8692260925,921196.144871016,6879373.014097113,37367310.08330337,5.407713711635741,5.407713711635741,202.91903919726946,202.91903919726946,3700.746702212222,69.66717529421518
19217600.642246768,351176428003200,351176472569700,44566500,123191000.0,36,30628.52738619129,5500923.845752214,916820.640958703,6848744.486710922,37065358.6064548,5.3878977823271095,5.3878977823271095,208.30693697959657,208.30693697959657,3909.0536391918185,69.91228368431558
19771155.761537887,351176565536700,351176613124200,47587500,123191000.0,37,30628.52738619129,5474670.822278336,912445.13704639,6818115.959324731,36787215.94311908,5.371380990267601,5.371380990267601,213.67831796986417,213.67831796986417,4122.731957161683,70.13806532691585
20298555.18363142,351176691187100,351176706832500,15645400,123191000.0,38,30628.52738619129,5448417.798804457,908069.633134077,6787487.431938539,36534126.6774865,5.358390337659329,5.358390337659329,219.0367083075235,219.0367083075235,4341.768665469206,70.34350993377234
20798830.883725177,351176784813800,351176847281400,62467600,123191000.0,39,30628.52738619129,5422164.775330579,903694.1292217639,6756858.904552348,36307193.1090515,5.349135961299599,5.349135961299599,224.3858442688231,224.3858442688231,4566.154509738029,70.52772271590335
21271140.468735974,351176940412100,351176971970500,31558400,123191000.0,40,30628.52738619129,5395911.7518567005,899318.6253094509,6726230.377166157,36107383.26261629,5.343811935793036,5.343811935793036,229.72965620461613,229.72965620461613,4795.884165942645,70.68991788148786
21714758.10954448,351177097798300,351177113512900,15714600,123191000.0,41,30628.52738619129,5369658.728382822,894943.1213971379,6695601.849779965,35935539.53126402,5.342597192813384,5.342597192813384,235.0722533974295,235.0722533974295,5030.956419340075,70.82941161995274
22129065.237845734,351177253309800,351177283847300,30537500,123191000.0,42,30628.52738619129,5343405.704908944,890567.6174848248,6664973.322393774,35792387.744114056,5.345656529037832,5.345656529037832,240.41790992646733,240.41790992646733,5271.374329266542,70.94561474124404
22513541.177216664,351177394280600,351177505187000,110906400,123191000.0,43,30628.52738619129,5317152.681435065,886192.1135725118,6634344.795007583,35678546.46947134,5.35314167719086,5.35314167719086,245.77105160365818,245.77105160365818,5517.145380870201,71.03802512401771
22867753.857981943,351177537384500,351177631226700,93842200,123191000.0,44,30628.52738619129,5290899.657961187,881816.6096601988,6603716.267621391,35594536.38375895,5.365192416671534,5.365192416671534,251.1362440203297,251.1362440203297,5768.28162489053,71.106220110431
23191350.74578056,351177693403900,351177737858000,44454100,123191000.0,45,30628.52738619129,5264646.634487309,877441.1057478858,6573087.7402352,35540789.5566522,5.381937702398248,5.381937702398248,256.51818172272795,256.51818172272795,6024.799806613258,71.14984896895699
23484050.094887048,351177848883800,351177879369000,30485200,123191000.0,46,30628.52738619129,5238393.61101343,873065.6018355727,6542459.212849009,35517658.52251212,5.403496792702362,5.403496792702362,261.9216785154303,261.9216785154303,6286.721485128688,71.16862553067016
23745632.61969813,351178038139600,351178097667100,59527500,123191000.0,47,30628.52738619129,5212140.587539552,868690.0979232597,6511830.685462818,35525425.027064174,5.429980359265261,5.429980359265261,267.35165887469554,267.35165887469554,6554.073144003383,71.16232108915085
23975933.661623504,351178221742200,351178269187900,47445700,123191000.0,48,30628.52738619129,5185887.564065673,864314.5940109467,6481202.158076626,35564308.35591163,5.461491564162798,5.461491564162798,272.8131504388583,272.8131504388583,6826.886294442242,71.13075763983437
24174835.91409599,351178410991900,351178426640900,15649000,123191000.0,49,30628.52738619129,5159634.540591795,859939.0900986337,6450573.630690435,35634473.167644784,5.498127091011729,5.498127091011729,278.31127752987004,278.31127752987004,7105.197571972112,71.07380152150337
24342262.755637884,351178598417800,351178599219400,801600,123191000.0,50,30628.52738619129,5133381.517117917,855563.5861863206,6419945.103304244,35736036.76883084,5.53997811897015,5.53997811897015,283.8512556488402,283.8512556488402,7389.048827620953,70.99135751083209
24478172.22991886,351178800516000,351178815434800,14918800,123191000.0,51,30628.52738619129,5107128.493644038,851188.0822740076,6389316.575918052,36033632.16032504,5.639669240390946,5.639669240390946,295.07805611913625,295.07805611913625,7973.565270618834,70.74978516261329
24655413.21632039,351178988692500,351179019874300,31181800,123191000.0,53,30628.52738619129,5080875.47017016,846812.5783616946,6358688.048531861,36229718.54141149,5.69767195133538,5.69767195133538,300.77572807047164,300.77572807047164,8274.340998689306,70.59061251113191
24696789.56225315,351179175425200,351179222941500,47516300,123191000.0,54,30628.52738619129,5028369.423222403,838061.5705370685,6297430.993759478,36457322.88124059,5.761216808946851,5.761216808946851,306.5369448794185,306.5369448794185,8580.877943568725,70.40585523192392
24706731.076022044,351179313924100,351179377467700,63543600,123191000.0,55,30628.52738619129,5002116.399748525,833686.0666247555,6266802.466373287,36716412.38896637,5.830379471462407,5.830379471462407,312.3673243508809,312.3673243508809,8893.245267919605,70.19553994288027
24685303.170183133,351179474698800,351179476931700,2232900,123191000.0,56,30628.52738619129,4975863.376274646,829310.5627124425,6236173.938987096,37006936.728856005,5.905234276559637,5.905234276559637,318.2725586274405,318.2725586274405,9211.517826547046,69.95970750391182
24632584.607294645,351179629004500,351179724318000,95313500,123191000.0,57,30628.52738619129,4949610.352800768,824935.0588001295,6205545.411600905,37328830.488353446,5.985854604693169,5.985854604693169,324.25841323213365,324.25841323213365,9535.77623977918,69.69841101350468
24548666.519554257,351179800345800,351179832364600,32018800,123191000.0,58,30628.52738619129,4923357.3293268895,820559.5548878164,6174916.884214713,37682014.90490048,6.072313133742628,6.072313133742628,330.3307263658763,330.3307263658763,9866.106966145057,69.4117144069774
24433652.179808944,351179973781700,351180004381500,30599800,123191000.0,59,30628.52738619129,4897104.305853011,816184.0509755034,6144288.356828522,38066398.8462994,6.164681980353562,6.164681980353562,336.49540834622985,336.49540834622985,10202.602374491285,69.09969166067374
24287657.52915899,351180129352600,351180191718800,62366200,123191000.0,60,30628.52738619129,4870851.282379133,811808.5470631904,6113659.829442331,38481879.03970325,6.2630327232178145,6.2630327232178145,342.75844106944766,342.75844106944766,10545.360815560733,68.7624266060806
24187477.39239261,351180317777100,351180363142600,45365500,123191000.0,61,30628.52738619129,4844598.258905254,807433.0431508773,6083031.302056139,38928339.54401174,6.367436303298979,6.367436303298979,349.12587737274663,349.12587737274663,10869.486692933478,68.40001335810916
23845013.667962015,351180505154700,351180567450600,62295900,123191000.0,62,30628.52738619129,4818345.235431376,803057.5392385643,6052402.774669948,39328985.53443666,6.46535971648592,6.46535971648592,355.59123708923255,355.59123708923255,11225.077930022711,68.07478993235166
23371449.707243104,351180690485300,351180706057200,15571900,123191000.0,63,30628.52738619129,4792092.2119574975,798682.0353262513,6021774.247283757,39971915.11252579,6.604305199219917,6.604305199219917,362.1955422884525,362.1955422884525,11587.273472311164,67.55289338301841
22887865.196009506,351180862818300,351180878966500,16148200,123191000.0,64,30628.52738619129,4765839.188483619,794306.5314139383,5991145.719897565,40745944.92690323,6.766435149122788,6.766435149122788,368.9619774375753,368.9619774375753,11956.23544974874,66.92457653001986
22394559.180525392,351181097786300,351181129656400,31870100,123191000.0,65,30628.52738619129,4739586.165009741,789931.0275016252,5960517.192511374,42323767.160938025,7.100687036707555,7.100687036707555,382.99455984679355,382.99455984679355,12715.123882405618,65.64378310027679
21891879.28201176,351181251267400,351181282099800,30832400,123191000.0,66,30628.52738619129,4713333.141535862,785555.5235893122,5929888.665125183,43126912.9131102,7.272803141608354,7.272803141608354,390.2673629884019,390.2673629884019,13105.39124539402,64.99183145431874
21380222.526702546,351181425627600,351181457461900,31834300,123191000.0,67,30628.52738619129,4687080.118061984,781180.0196769992,5899260.1377389915,43939035.52207795,7.448228166950857,7.448228166950857,397.71559115535274,397.71559115535274,13503.106836549372,64.33259286629871
20860035.98558495,351181613122600,351181661344000,48221400,123191000.0,68,30628.52738619129,4660827.094588106,776804.5157646862,5868631.6103528,44759687.91685408,7.626937740970812,7.626937740970812,405.34252889632353,405.34252889632353,13908.449365445696,63.6664302450227
20331817.187464,351181770530900,351181847177100,76646200,123191000.0,69,30628.52738619129,4634574.071114227,772429.0118523731,5838003.082966609,45588372.568633564,7.808898337454734,7.808898337454734,413.15142723377824,413.15142723377824,14321.600792679475,62.99374745830981
19253525.82043228,351181989825300,351182004823000,14997700,123191000.0,71,30628.52738619129,4608321.047640349,768053.5079400601,5807374.555580418,46424541.34135892,7.994067008601794,7.994067008601794,421.14549424238004,421.14549424238004,14742.746286921856,62.31498945429542
18704700.403041333,351182177227700,351182191327800,14100100,123191000.0,72,30628.52738619129,4582068.02416647,763678.0040277471,5776746.028194226,47267595.64298236,8.182391161440398,8.182391161440398,429.32788540382046,429.32788540382046,15172.074172325676,61.63064213864457
18150335.681765046,351182379708100,351182394468200,14760100,123191000.0,73,30628.52738619129,4529561.977218714,754926.996203121,5715488.973421844,48116886.91403184,8.373808385795368,8.373808385795368,437.70169378961583,437.70169378961583,15609.775866115291,60.94123197795957
17591177.16045337,351182536205200,351182565876100,29670900,123191000.0,74,30628.52738619129,4503308.953744835,750551.492290808,5684860.446035652,48971717.48896666,8.568246341948143,8.568246341948143,446.269940131564,446.269940131564,16056.045806246855,60.24732530057662
17028016.476187088,351182690796100,351182738162000,47365900,123191000.0,75,30628.52738619129,4477055.930270957,746175.988378495,5654231.918649461,49831341.86393688,8.765622716154247,8.765622716154247,455.03556284771827,455.03556284771827,16511.081369094572,59.54952726746526
16461689.22956113,351182800308200,351182815939800,15631600,123191000.0,76,30628.52738619129,4450802.906797078,741800.484466182,5623603.39126327,50694968.40186169,8.96584525205864,8.96584525205864,464.0014080997769,464.0014080997769,16975.082777194348,58.84848048813493
15893072.327556523,351182957870000,351183003477400,45607400,123191000.0,77,30628.52738619129,4424549.8833232,737424.9805538689,5592974.8638770785,51561761.50214619,9.168811865760595,9.168811865760595,473.17021996553746,473.17021996553746,17448.252997159885,58.14486325937269
15323080.821756296,351183113272900,351183144790600,31517700,123191000.0,78,30628.52738619129,4398296.859849322,733049.4766415559,5562346.336490887,52430844.25780934,9.374410851806335,9.374410851806335,482.5446308173438,482.5446308173438,17930.79762797723,57.439387408325814
14752664.231180832,351183268750600,351183300299800,31549200,123191000.0,79,30628.52738619129,4372043.836375443,728673.9727292429,5531717.809104696,53301301.61726809,9.582521186714569,9.582521186714569,492.12715200405836,492.12715200405836,18422.924779981287,56.73279572593121
14182802.346509444,351183442005000,351183471813100,29808100,123191000.0,80,30628.52738619129,4345790.812901565,724298.4688169298,5501089.281718505,55042511.79983203,10.005747767583424,10.005747767583424,511.92591270739564,511.92591270739564,19436.770857628497,55.319372519232715
13048784.461559374,351183644077800,351183673269600,29191800,123191000.0,82,30628.52738619129,4319537.7894276865,719922.9649046168,5470460.754332313,55911279.47913677,10.220579580039583,10.220579580039583,522.1464922874352,522.1464922874352,19958.917349915933,54.614152430667204
12486694.54717993,351183814963900,351183846604600,31640700,123191000.0,83,30628.52738619129,4267031.74247993,711171.9570799908,5409203.699559931,56777461.39209917,10.43735523879816,10.43735523879816,532.5838475262334,532.5838475262334,20491.501197442165,53.911031331753804
11929279.704757616,351183987554100,351184002120000,14565900,123191000.0,84,30628.52738619129,4240778.719006051,706796.4531676777,5378575.172173739,57640017.160137154,10.655915428887711,10.655915428887711,543.2397629551211,543.2397629551211,21034.740960397285,53.21085374732151
11377590.892657902,351184174946300,351184205408700,30462400,123191000.0,85,30628.52738619129,4214525.695532173,702420.9492553647,5347946.644787548,58497897.856217995,10.876095617080722,10.876095617080722,554.1158585722019,554.1158585722019,21588.856818969485,52.51447114138371
10832674.245581256,351184300318300,351184329948900,29630600,123191000.0,86,30628.52738619129,4188272.6720582945,698045.4453430517,5317318.117401357,59350052.52197625,11.097727121085365,11.097727121085365,565.2135856932872,565.2135856932872,22154.070404662772,51.822736626883255
10295563.94874058,351184437948900,351184469484000,31535100,123191000.0,87,30628.52738619129,4162019.648584416,693669.9414307387,5286689.5900151655,60195435.02271144,11.320638279232716,11.320638279232716,576.53422397252,576.53422397252,22730.604628635294,51.1364994011645
9767274.918374995,351184579385100,351184611025400,31640300,123191000.0,88,30628.52738619129,4135766.6251105377,689294.4375184256,5256061.062628974,61033011.17321064,11.544655712051284,11.544655712051284,588.0788796845712,588.0788796845712,23318.683508319864,50.45659896160382
9248795.375014769,351184800718700,351184832533100,31814400,123191000.0,89,30628.52738619129,4109513.6016366594,684918.9336061126,5225432.535242783,61861766.05723476,11.76960566479659,11.76960566479659,599.8484853493678,599.8484853493678,23918.531993669232,49.7838591640341
8741079.403973756,351184970200500,351185001766300,31565800,123191000.0,90,30628.52738619129,4083260.578162781,680543.4296937996,5194804.007856592,62680711.45425354,11.995315417720015,11.995315417720015,611.8438007670878,611.8438007670878,24530.37579443632,49.119082194110334
8098654.5881296,351185159512300,351185235968500,76456200,123191000.0,91,30628.52738619129,4057007.5546889026,676167.9257814866,5164175.4804704,63488893.278953075,12.221614748685964,12.221614748685964,624.0654155157738,624.0654155157738,25154.441209952096,48.4630425283072
7562186.496881592,351185299957700,351185315851500,15893800,123191000.0,92,30628.52738619129,4030754.531215024,671792.4218691735,5133546.953084209,64431783.94845576,12.476683682055421,12.476683682055421,636.5420991978292,636.5420991978292,25790.983309149924,47.69765327949626
7052554.765580598,351185487356900,351185504042900,16686000,123191000.0,93,30628.52738619129,4004501.507741146,667416.9179568605,5102918.425698018,65268717.89336233,12.714156213989474,12.714156213989474,649.2562554118186,649.2562554118186,26440.239564561743,47.01827414879144
6569035.744106255,351185660693000,351185692027600,31334600,123191000.0,94,30628.52738619129,3978248.4842672674,663041.4140445475,5072289.898311826,66078815.47832185,12.949220419741094,12.949220419741094,662.2054758315597,662.2054758315597,27102.445040393304,46.3606793691732
6110906.674787007,351185816285000,351185848561200,32276200,123191000.0,95,30628.52738619129,3951995.460793389,658665.9101322345,5041661.370925635,66862800.35345472,13.181975339325179,13.181975339325179,675.3874511708849,675.3874511708849,27777.83249156419,45.72428151938477
5677440.298127065,351185972795500,351186004271500,31476000,123191000.0,96,30628.52738619129,3925742.4373195106,654290.4062199214,5011032.843539444,67621395.27643251,13.41252224244831,13.41252224244831,688.7999734133332,688.7999734133332,28466.632464977523,45.1084939026126
5267901.00952737,351186160288300,351186237592800,77304500,123191000.0,97,30628.52738619129,3899489.413845632,649914.9023076084,4980404.3161532525,68355327.50675099,13.640965773129828,13.640965773129828,702.440939186463,702.440939186463,29169.073404163988,44.51272616769814
4881542.381942958,351186317499100,351186363097900,45598800,123191000.0,98,30628.52738619129,3873236.390371754,645539.3983952954,4949775.788767061,69065332.64900921,13.867414825138866,13.867414825138866,716.3083540116019,716.3083540116019,29885.38175817559,43.93638118936512
4517605.879888596,351186503943400,351186581697700,77754300,123191000.0,99,30628.52738619129,3846983.3668978754,641163.8944829823,4919147.26138087,70416559.48596507,14.31478989027017,14.31478989027017,744.7151270758466,744.7151270758466,31360.497222437014,42.83952603196251
4175320.599561922,351186689288400,351186722015200,32726800,123191000.0,100,30628.52738619129,3820730.343423997,636788.3905706693,4888518.733994679,71059310.61995028,14.535959558834255,14.535959558834255,759.2510866346809,759.2510866346809,32119.748309071696,42.31777433420439
3853903.8786996496,351186878606200,351186909571600,30965400,123191000.0,101,30628.52738619129,3794477.3199501187,632412.8866583563,4857890.206608487,71681193.19447109,14.755622326943238,14.755622326943238,774.0067089616241,774.0067089616241,32893.75501803332,41.81296263974552
3552562.6285534427,351187034188900,351187065010900,30822000,123191000.0,102,30628.52738619129,3768224.2964762403,628037.3827460433,4827261.679222296,72283000.29827583,14.973913804880182,14.973913804880182,788.9806227665043,788.9806227665043,33682.73564079982,41.32444716068882
3270495.249361956,351187173720500,351187221465300,47744800,123191000.0,103,30628.52738619129,3741971.273002362,623661.8788337302,4796633.151836105,72865533.53112584,15.190974841016063,15.190974841016063,804.1715976075204,804.1715976075204,34486.907238407344,40.85157720034269
3006894.0000771196,351187299210500,351187331109400,31898900,123191000.0,104,30628.52738619129,3715718.2495284835,619286.3749214172,4766004.624449913,73429600.63406923,15.406951192907076,15.406951192907076,819.5785488004275,819.5785488004275,35306.48578720777,40.39369707684065
2760947.702947979,351187442193100,351187504455500,62262400,123191000.0,105,30628.52738619129,3689465.226054605,614910.8710091042,4735376.097063722,73976012.78485692,15.621993114913813,15.621993114913813,835.2005419153413,835.2005419153413,36116.68632912311,39.95014831858097
2541243.2002323754,351187550363200,351187613108500,62745300,123191000.0,106,30628.52738619129,3663212.2025807267,610535.3670967912,4704747.569677531,74496183.14123105,15.83425721315312,15.83425721315312,851.0347991284945,851.0347991284945,36967.72112825161,39.5279012742562
2327286.2075095773,351187692541600,351187707390700,14849100,123191000.0,107,30628.52738619129,3636959.1791068483,606159.8631844781,4674119.0422913395,75010605.98761238,16.04807351051992,16.04807351051992,867.0828726390143,867.0828726390143,37834.804000890625,39.11031975743976
2128634.908473979,351187830994800,351187862816700,31821900,123191000.0,108,30628.52738619129,3610706.15563297,601784.3592721651,4643490.514905148,75509723.14030652,16.261414317080593,16.261414317080593,883.344286956095,883.344286956095,38718.14828784672,38.70516260091523
1944489.1063834135,351187989470400,351188004422500,14952100,123191000.0,109,30628.52738619129,3584453.1321590915,597408.8553598521,4612861.987518957,75994334.79605561,16.474443632103856,16.474443632103856,899.8187305881988,899.8187305881988,39617.96701843492,38.31178024688848
1774060.5931771272,351188144009600,351188159834700,15825100,123191000.0,110,30628.52738619129,3558200.108685213,593033.351447539,4582233.460132766,76465229.16292045,16.687327223328545,16.687327223328545,916.5060578115274,916.5060578115274,40534.47307624645,37.92953286934886
1616575.9346025377,351188332855800,351188364650400,31794600,123191000.0,111,30628.52738619129,3531947.0852113348,588657.847535226,4551604.932746574,76923179.67515357,16.900232074565363,16.900232074565363,933.4062898860927,933.4062898860927,41467.87936613255,37.55779263488926
1471279.0572047802,351188458479100,351188542447100,83968000,123191000.0,112,30628.52738619129,3505694.0617374564,584282.343622913,4520976.405360383,77368942.40620986,17.11332585467066,17.11332585467066,950.5196157407634,950.5196157407634,42418.39898187331,37.19594580268862
1337433.6025421377,351188579998600,351188612004200,32005600,123191000.0,113,30628.52738619129,3479441.038263578,579906.8397106,4490347.877974192,77803253.71453103,17.32677641662627,17.32677641662627,967.8463921573896,967.8463921573896,43386.2453740307,36.84339463554072
1214325.0233597183,351188737461700,351188752984800,15523100,123191000.0,114,30628.52738619129,3453188.0147896996,575531.335798287,4459719.350588,78226828.147372,17.54075133383854,17.54075133383854,985.3871434912281,985.3871434912281,44371.63251752193,36.499559101418114
1101262.4050605958,351188878084100,351188925757100,47673000,123191000.0,115,30628.52738619129,3426934.991315821,571155.8318859739,4429090.823201809,78640356.61932966,17.755417479219854,17.755417479219854,1003.142560970448,1003.142560970448,45374.77507849238,36.16387835204709
997580.003578969,351188986814600,351189034392100,47577500,123191000.0,116,30628.52738619129,3400681.967841943,566780.3279736609,4398462.295815618,79044504.8744698,17.97094065116054,17.97094065116054,1021.1135016216085,1021.1135016216085,46395.888580113984,35.83581197127241
902638.4976325368,351189128176600,351189144033900,15857300,123191000.0,117,30628.52738619129,3374428.9443680644,562404.8240613479,4367833.7684294265,79439912.2340748,18.187485249155802,18.187485249155802,1039.3009868707643,1039.3009868707643,47435.18956698475,35.51484099157016
815825.9592848872,351189285662800,351189315456000,29793200,123191000.0,118,30628.52738619129,3348175.920894186,558029.3201490348,4337205.241043235,79827190.62608097,18.405214000636043,18.405214000636043,1057.7062008714004,1057.7062008714004,48492.89576785615,35.20046868189968
736558.5517819689,351189424157900,351189455037500,30879600,123191000.0,119,30628.52738619129,3321922.8974203076,553653.8162367218,4306576.713657044,80206923.88724242,18.624287739468265,18.624287739468265,1076.3304886108685,1076.3304886108685,49569.226256467016,34.89222111417033
664280.9677596185,351189579681300,351189611539100,31857800,123191000.0,120,30628.52738619129,3295669.873946429,549278.3123244088,4275948.186270853,80579667.3249233,18.844865235656325,18.844865235656325,1095.1753538465248,1095.1753538465248,50664.401610313544,34.58964751895568
598466.624190169,351189737238700,351189753038800,15800100,123191000.0,121,30628.52738619129,3269416.850472551,544902.8084120958,4245319.658884661,80945947.5221513,19.067103074970234,19.067103074970234,1114.242456921495,1114.242456921495,51778.644067235036,34.29232044374077
538617.6328993763,351189878744600,351189972366300,93621700,123191000.0,122,30628.52738619129,3243163.8269986724,540527.3044997827,4214691.13149847,81306262.36710063,19.291155586576377,19.291155586576377,1133.5336125080714,1133.5336125080714,52912.17767974311,33.99983572898944
484264.5672058568,351190048146300,351190063985900,15839600,123191000.0,123,30628.52738619129,3216910.803524794,536151.8005874697,4184062.6041122787,81661081.28645268,19.51717481621633,19.51717481621633,1153.0507873242877,1153.0507873242877,54065.2284670674,33.71181231871429
434966.0462873573,351190173677600,351190205491300,31813700,123191000.0,124,30628.52738619129,3190657.7800509157,531776.2966751567,4153434.0767260874,82010845.66102973,19.745310542083804,19.745310542083804,1172.7960978663716,1172.7960978663716,55238.02456493377,33.42789192308714
390308.1593407503,351190301319100,351190333676500,32357400,123191000.0,125,30628.52738619129,3164404.7565770373,527400.7927628437,4122805.549339896,82355969.40163486,19.975710330267916,19.975710330267916,1192.7718081966395,1192.7718081966395,56430.796373130404,33.14773855100222
349903.7515561394,351190440820900,351190457235800,16414900,123191000.0,126,30628.52738619129,3138151.733103159,523025.28885053063,4092177.0219537048,82696839.66307801,20.208519626454606,20.208519626454606,1212.980327823094,1212.980327823094,57643.7767009535,32.87103793046731
313391.59345056885,351190581472500,351190644060500,62588000,123191000.0,127,30628.52738619129,3111898.7096292805,518649.7849382176,4061548.4945675135,83033817.67484212,20.44388188049539,20.44388188049539,1233.4242097035894,1233.4242097035894,58877.20091065709,32.59749683431247
280435.454281395,351190705939800,351190753677800,47738000,123191000.0,128,30628.52738619129,3085645.686155402,514274.2810259046,4030919.967181322,83367239.66766983,20.68193870045144,20.68193870045144,1254.1061484040408,1254.1061484040408,60131.30705906113,32.32684232803547
250723.09915703413,351190847446100,351190879255700,31809600,123191000.0,129,30628.52738619129,3059392.6626815237,509898.77711359155,4000291.439795131,83697417.87645273,20.922830032788603,20.922830032788603,1275.0289784368294,1275.0289784368294,61406.33603749796,32.05882095570884
223965.22815169202,351190973028600,351190973522000,493400,123191000.0,130,30628.52738619129,3033139.6392076453,505523.2732012785,3969662.9124089396,84024641.60111661,21.166694365524183,21.166694365524183,1296.1956728023536,1296.1956728023536,62702.53171030031,31.79319787880883
199894.3742725263,351191112608200,351191128398800,15790600,123191000.0,131,30628.52738619129,3006886.615733767,501147.7692889655,3939034.3850227483,84349178.30865431,21.413668951297357,21.413668951297357,1317.6093417536508,1317.6093417536508,64020.141052053965,31.52975598164289
178263.77557723064,351191255096400,351191271458400,16362000,123191000.0,132,30628.52738619129,2980633.5922598885,496772.2653766525,3908405.857636557,84671274.76100814,21.663890047542175,21.663890047542175,1339.273231801193,1339.273231801193,65359.414283855156,31.26829495579373
158846.2351448509,351191410601000,351191426470000,15869000,123191000.0,133,30628.52738619129,2954380.56878601,492396.76146433945,3877777.3302503657,84991158.15509906,21.917493171174858,21.917493171174858,1361.190724972368,1361.190724972368,66720.60500882752,31.008630374703458
125832.53654522392,351191598073300,351191612861600,14788300,123191000.0,135,30628.52738619129,2901874.5218382534,483645.7536397134,3816520.275477983,85309037.26289932,22.17461336545843,22.17461336545843,1383.3653383378264,1383.3653383378264,68103.97034716535,30.750592768222255
111869.61045479098,351191736762500,351191797492100,60729600,123191000.0,136,30628.52738619129,2875621.498364375,479270.24972740037,3785891.7480917918,85625103.56101577,22.43538547696882,22.43538547696882,1405.8007238147952,1405.8007238147952,69509.77107098015,30.494026705671867
99384.01372039867,351191875654900,351191905349900,29695000,123191000.0,137,30628.52738619129,2849368.4748904966,474894.74581508734,3755263.2207056005,85939532.34076473,22.699944440852263,22.699944440852263,1428.5006682556475,1428.5006682556475,70938.27173923579,30.238789894744965
88229.60997646672,351192016139400,351192030693200,14553800,123191000.0,138,30628.52738619129,2823115.451416618,470519.2419027743,3724634.693319409,86252483.79115766,22.96842557282872,22.96842557282872,1451.4690938284762,1451.4690938284762,72389.74083306426,29.984752302394117
78273.30416553562,351192220079000,351192252019300,31940300,123191000.0,139,30628.52738619129,2796862.42794274,466143.7379904613,3694006.165933218,86874526.2080296,23.51769929601145,23.51769929601145,1498.2277579911424,1498.2277579911424,75362.67864975054,29.479810856288527
69394.07338502869,351192363606800,351192394501700,30894900,123191000.0,140,30628.52738619129,2770609.4044688614,461768.23407814826,3663377.6385470266,87183871.29246864,23.798767120019768,23.798767120019768,1522.0265251111623,1522.0265251111623,76884.7051748617,29.228700722886707
61482.042762064666,351192503191700,351192566893200,63701500,123191000.0,141,30628.52738619129,2744356.380994983,457392.73016583524,3632749.1111608353,87492249.17675012,24.084308191817907,24.084308191817907,1546.1108333029802,1546.1108333029802,78430.81600816468,28.978375711902554
54437.608292865516,351192644675600,351192690494800,45819200,123191000.0,142,30628.52738619129,2718103.3575211046,453017.2262535222,3602120.583774644,87799759.46487789,24.374464269842118,24.374464269842118,1570.4852975728222,1570.4852975728222,80001.3013057375,28.728754970023875
48170.60778635257,351192754412400,351192769418000,15005600,123191000.0,143,30628.52738619129,2691850.3340472262,448641.7223412092,3571492.0563884526,88106492.31904292,24.66937933165601,24.66937933165601,1595.1546769044783,1595.1546769044783,81596.45598264199,28.47976530830749
42599.54036035905,351192864114900,351192955611200,91496300,123191000.0,144,30628.52738619129,2665597.310573348,444266.21842889616,3540863.5290022613,88412529.24012744,24.96919989035561,24.96919989035561,1620.123876794834,1620.123876794834,83216.57985943682,28.231340568606925
37650.83434780583,351193003501000,351193052468700,48967700,123191000.0,145,30628.52738619129,2639344.2870994695,439890.71451658313,3510235.00161607,88717943.79979855,25.274075313747904,25.274075313747904,1645.3979521085819,1645.3979521085819,84861.97781154541,27.98342102929715
33258.16297250506,351193158954800,351193174860500,15905700,123191000.0,146,30628.52738619129,2613091.263625591,435515.2106042701,3479606.4742298787,89022802.32483238,25.58415814665803,25.58415814665803,1670.9821102552398,1670.9821102552398,86532.95992180065,27.735952849776055
25908.061176441068,351193349309900,351193364309600,14999700,123191000.0,148,30628.52738619129,2586838.2401517127,431139.7066919571,3448977.9468436874,89327164.53472081,25.899604436864564,25.899604436864564,1696.8817146921044,1696.8817146921044,88229.84163649275,27.48888755288876
22848.688212507783,351193504570300,351193535620000,31049700,123191000.0,149,30628.52738619129,2560585.2166778343,426764.20277964405,3418349.419457496,89631084.13394552,26.220574065295608,26.220574065295608,1723.1022887574,1723.1022887574,89952.94392525015,27.24218154415053
20140.409455664172,351193645084400,351193660270700,15186300,123191000.0,150,30628.52738619129,2534332.193203956,422388.698867331,3387720.892071305,89934609.36056799,26.547231081241932,26.547231081241932,1749.649519838642,1749.649519838642,91702.59344508879,26.995795666430187
17744.439266254612,351193847862400,351193863566300,15703900,123191000.0,151,30628.52738619129,2481826.146256199,413637.691042705,3326463.8372989222,90237783.49298337,26.879744043458107,26.879744043458107,1776.5292638821,1776.5292638821,93479.12270897088,26.749694788593835
15626.055602514387,351194003382600,351194019154300,15771700,123191000.0,152,30628.52738619129,2455573.1227823207,409262.18713039195,3295835.309912731,90540645.31683132,27.218286368130197,27.218286368130197,1803.7475502502302,1803.7475502502302,95282.87025922112,26.503847426491124
13754.206470932797,351194128079900,351194142719700,14639800,123191000.0,153,30628.52738619129,2429320.0993084423,404886.6832180789,3265206.7825265396,90843229.55415359,27.56303668479084,27.56303668479084,1831.310586935021,1831.310586935021,97114.18084615614,26.2582253945876
12101.14981893595,351194298206400,351194330126100,31919700,123191000.0,154,30628.52738619129,2403067.075834564,400511.1793057659,3234578.2551403483,91447686.16725424,28.271904079589603,28.271904079589603,1887.4966702159713,1887.4966702159713,100860.9022825085,25.767559182688476
10642.12471322282,351194409811900,351194457582500,47770600,123191000.0,155,30628.52738619129,2376814.0523606855,396135.67539345287,3203949.727754157,91749611.0460185,28.63640782226985,28.63640782226985,1916.1330780382411,1916.1330780382411,102777.03536054674,25.5224723835195
8220.260138019543,351194566071900,351194581246700,15174800,123191000.0,157,30628.52738619129,2350561.028886807,391760.17148113984,3173321.2003679657,92051363.97271,29.00789367368046,29.00789367368046,1945.1409717119216,1945.1409717119216,104722.17633225866,25.277525166034856
7220.240916526422,351194723050700,351194738746200,15695500,123191000.0,158,30628.52738619129,2298054.9819390504,383009.1636565138,3112064.145595583,92352964.61791077,29.386572034829815,29.386572034829815,1974.5275437467515,1974.5275437467515,106696.70387600541,25.032701562686583
6339.421943902604,351194863560700,351194894198200,30637500,123191000.0,159,30628.52738619129,2271801.958465172,378633.65974420076,3081435.618209392,92654430.49079081,29.77266089515604,29.77266089515604,2004.3002046419076,2004.3002046419076,108701.00408064733,24.787987360447747
5563.965264082728,351195005179500,351195036639000,31459500,123191000.0,160,30628.52738619129,2245548.9349912936,374258.15583188774,3050807.0908232005,92955777.16342196,30.166386282455623,30.166386282455623,2034.4665909243633,2034.4665909243633,110735.47067157169,24.54336991872624
4881.583646072914,351195158586200,351195173294500,14708300,123191000.0,161,30628.52738619129,2219295.911517415,369882.6519195747,3020178.563437009,93257018.47376032,30.56798273292224,30.56798273292224,2065.0345736572854,2065.0345736572854,112800.50524522897,24.298838004594227
4281.375143107105,351195298045700,351195345659700,47614000,123191000.0,162,30628.52738619129,2193042.888043537,365507.1480072617,2989550.036050818,93558166.70903687,30.97769378329944,30.97769378329944,2096.0122674405848,2096.0122674405848,114896.51751266955,24.054381643921335
3753.6740597415437,351195441692500,351195519078300,77385800,123191000.0,163,30628.52738619129,2166789.8645696584,361131.64409494866,2958921.5086646266,93859232.77119836,31.395772487282397,31.395772487282397,2127.4080399278673,2127.4080399278673,117023.92555259741,23.809991987078305
3289.9168848365107,351195596618500,351195628228900,31610400,123191000.0,164,30628.52738619129,2140536.84109578,356756.14018263563,2928292.9812784353,94160226.32594027,31.8224819584468,31.8224819584468,2159.230521886314,2159.230521886314,119183.15607448373,23.565661187959943
2882.521847057389,351195799737300,351195864213200,64475900,123191000.0,165,30628.52738619129,2114283.8176219016,352380.6362703226,2897664.453892244,94762029.18547003,32.702899418938024,32.702899418938024,2224.191517247392,2224.191517247392,123598.83620955958,23.077149154183317
2524.7808459528287,351195941288200,351195972077500,30789300,123191000.0,166,30628.52738619129,2088030.7941480235,348005.1323580096,2867035.9265060527,95062852.78012967,33.15718924247285,33.15718924247285,2257.3487064898645,2257.3487064898645,125856.18491604945,22.83295631975577
2210.762605016546,351196098149400,351196144618500,46469100,123191000.0,167,30628.52738619129,2061777.7706741453,343629.62844569655,2836407.3991198614,95363632.65202914,33.621274814619554,33.621274814619554,2290.969981304484,2290.969981304484,128147.15489735393,22.588798977174353
1935.2259827893527,351196235629200,351196281333300,45704100,123191000.0,168,30628.52738619129,2035524.7472002672,339254.1245333835,2805778.87173367,95664374.04230991,34.095478801292565,34.095478801292565,2325.0654601057768,2325.0654601057768,130472.22035745971,22.344672871955005
1693.54246355747,351196423032700,351196454760100,31727400,123191000.0,169,30628.52738619129,2009271.723726389,334878.6206210705,2775150.344347479,95965081.57948767,34.58013789233172,34.58013789233172,2359.6455979981083,2359.6455979981083,132831.86595545782,22.100574246911165
1481.626930242701,351196610377100,351196641411200,31034100,123191000.0,170,30628.52738619129,1983018.7002525108,330503.1167087575,2744521.8169612875,96265759.34867953,35.07560360925249,35.07560360925249,2394.721201607361,2394.721201607361,135226.58715706517,21.85649978595877
1295.8758984724986,351196799279600,351196846861300,47581700,123191000.0,171,30628.52738619129,1956765.6767786327,326127.61279644445,2713893.289575096,96566410.95336984,35.58224316494363,35.58224316494363,2430.3034447723044,2430.3034447723044,137656.89060183748,21.61244656397802
990.5372703670874,351197001275200,351197015420200,14145000,123191000.0,173,30628.52738619129,1930512.6533047545,321752.1088841314,2683264.762188905,96867039.57046436,36.100440379742444,36.100440379742444,2466.4038851520468,2466.4038851520468,140123.29448698953,21.36841200212324
865.6849086216114,351197173725900,351197203705200,29979300,123191000.0,174,30628.52738619129,1904259.6298308764,317376.6049718184,2652636.2348027136,97167647.99931501,36.63059665870158,36.63059665870158,2503.0344818107483,2503.0344818107483,142626.32896880028,21.124393828027202
756.3851332111773,351197315307200,351197376059400,60752200,123191000.0,175,30628.52738619129,1878006.6063569982,313001.10105950537,2622007.7074165223,97468238.70533529,37.17313203528728,37.17313203528728,2540.2076138460357,2540.2076138460357,145166.5365826463,20.880390040396385
660.7284381340004,351197470404000,351197533222900,62818900,123191000.0,176,30628.52738619129,1851753.58288312,308625.59714719234,2591379.180030331,97768813.85876924,37.728486287222886,37.728486287222886,2577.9361001332586,2577.9361001332586,147744.47268277957,20.636398877540376
577.0355010952791,351197611899800,351197656860500,44960700,123191000.0,177,30628.52738619129,1825500.559409242,304250.0932348793,2560750.6526441397,98069375.36912285,38.29712013071632,38.29712013071632,2616.233220263975,2616.233220263975,150360.70590304353,20.39241878942224
503.8300911000038,351197753644600,351197784492100,30847500,123191000.0,178,30628.52738619129,1799247.5359353637,299874.5893225663,2530122.1252579484,98369924.91571844,38.87951649989604,38.87951649989604,2655.112736763871,2655.112736763871,153015.8186398074,20.148448412856105
439.81506391484,351197894760400,351197910029100,15268700,123191000.0,179,30628.52738619129,1772994.5124614856,295499.08541025326,2499493.597871757,98670463.97478695,39.47618191893024,39.47618191893024,2694.5889186828012,2694.5889186828012,155710.4075584902,19.904486549515017
383.85110897216913,351198035426400,351198050040800,14614400,123191000.0,180,30628.52738619129,1746741.4889876074,291123.58149794023,2468865.070485566,98970993.84347269,40.08764797502988,40.08764797502988,2734.6765666578312,2734.6765666578312,158445.08412514805,19.660532146445203
334.9379455560321,351198208197200,351198254831400,46634200,123191000.0,181,30628.52738619129,1720488.4655137293,286748.0775856272,2438236.5430993745,99271515.66108617,40.71447290134401,40.71447290134401,2775.391039559175,2775.391039559175,161220.47516470723,19.41658427881406
292.19769725616425,351198333628400,351198347609100,13980700,123191000.0,182,30628.52738619129,1694235.442039851,282372.5736733142,2407608.015713183,99572030.42790811,41.357243279659386,41.357243279659386,2816.7482828388347,2816.7482828388347,164037.22344754607,19.172642134646114
254.86020192791318,351198520431600,351198549866300,29434700,123191000.0,183,30628.52738619129,1667982.418565973,277997.06976100116,2376979.488326992,99872539.02181496,42.01657587382423,42.01657587382423,2858.764858712659,2858.764858712659,166895.98830625872,18.92870500132724
222.2500399717784,351198677698100,351198754267800,76569700,123191000.0,184,30628.52738619129,1641729.3950920948,273621.56584868813,2346350.9609408006,100173042.21296883,42.69311960594467,42.69311960594467,2901.4579783186036,2901.4579783186036,169797.4462845773,18.684772253680197
193.77508685737726,351198863904400,351198956639300,92734900,123191000.0,185,30628.52738619129,1615476.3716182166,269246.0619363751,2315722.4335546093,100473540.67678931,43.3875576886663,43.3875576886663,2944.84553600727,2944.84553600727,172742.2918205846,18.440843343434736
169.15098621863672,351199066823300,351199082279300,15456000,123191000.0,186,30628.52738619129,1562970.3246704603,260495.05411174902,2254465.3787822267,100774035.00540097,44.10060992827033,44.10060992827033,2988.9461459355402,2988.9461459355402,175706.23796652013,18.196917789935164
147.4210979702766,351199221077200,351199267607200,46530000,123191000.0,187,30628.52738619129,1536717.3011965821,256119.55019943597,2223836.8513960354,101074525.48316014,44.833035110859235,44.833035110859235,3033.7791810463996,3033.7791810463996,178740.01714756654,17.952995362355903
128.45926816968753,351199361267900,351199390669800,29401900,123191000.0,188,30628.52738619129,1510464.277722704,251744.0462871229,2193208.324009844,101375013.06670693,45.585634127372145,45.585634127372145,3079.3648151737716,3079.3648151737716,181819.3819627403,17.709075284146632
111.91625036266691,351199562394700,351199671722900,109328200,123191000.0,189,30628.52738619129,1484211.2542488258,247368.54237480985,2162579.796623653,101675497.88219526,46.35925222839839,46.35925222839839,3125.72406740217,3125.72406740217,184945.10603014246,17.46515745290219
97.48636112920009,351199719855900,351199797288100,77432200,123191000.0,190,30628.52738619129,1457958.2307749477,242993.0384624968,2131951.2692374615,101975980.27887161,47.15478265268293,47.15478265268293,3172.878850054853,3172.878850054853,188117.9848801973,17.221241585122605
84.90212299678349,351199861423400,351199892979200,31555800,123191000.0,191,30628.52738619129,1431705.2073010695,238617.53455018374,2101322.74185127,102276460.56241937,47.973169949142765,47.973169949142765,3220.8520200039957,3220.8520200039957,191338.8369002013,16.977327432670105
73.92955423003671,351200034951300,351200082409100,47457800,123191000.0,192,30628.52738619129,1405452.1838271914,234242.0306378707,2070694.214465079,102576939.00031604,48.815413718858586,48.815413718858586,3269.667433722854,3269.667433722854,194608.50433392415,16.73341477842047
64.36402924322236,351200253941700,351200299736100,45794400,123191000.0,193,30628.52738619129,1379199.1603533132,229866.52672555763,2040065.6870788876,103177891.24572687,50.5757691525435,50.5757691525435,3369.9257755642484,3369.9257755642484,201297.7801159001,16.24559322862314
56.0266420803099,351200391500100,351200407261700,15761600,123191000.0,194,30628.52738619129,1352946.136879435,225491.02281324458,2009437.1596926963,103478365.43677256,51.49619381608208,51.49619381608208,3421.4219693803307,3421.4219693803307,204719.2020852804,16.001684021744644
48.761013158632885,351200518971200,351200548904500,29933300,123191000.0,195,30628.52738619129,1326693.113405557,221115.51890093152,1978808.632306505,103778838.55606002,52.44511109449483,52.44511109449483,3473.8670804748253,3473.8670804748253,208193.06916575524,15.75777568486333
42.43048637284765,351200674028400,351200705772000,31743600,123191000.0,196,30628.52738619129,1300440.0899316787,216740.01498861847,1948180.1049203137,104079310.74024536,53.42386490724507,53.42386490724507,3527.2909453820703,3527.2909453820703,211720.3601111373,15.513868107048927
36.91566979308697,351200829465800,351200908356700,78890900,123191000.0,197,30628.52738619129,1274187.0664578006,212364.5110763054,1917551.5775341224,104379782.10872045,54.433885029026314,54.433885029026314,3581.7248304110967,3581.7248304110967,215302.08494154838,15.269961191385368
27.929244093807537,351201048964700,351201080680600,31715900,123191000.0,198,30628.52738619129,1247934.0429839224,207989.00716399236,1886923.050147931,104680252.76577015,55.47669405891428,55.47669405891428,3637.201524470011,3637.201524470011,218939.28646601838,15.026054853219675
24.287055670001656,351201208243900,351201222133600,13889700,123191000.0,200,30628.52738619129,1221681.0195100443,203613.5032516793,1856294.5227617398,104980722.80246323,56.55391507931405,56.55391507931405,3693.7554395493253,3693.7554395493253,222633.04190556772,14.782149018626983
21.11630893521656,351201456495900,351201472533200,16037300,123191000.0,201,30628.52738619129,1169174.972562288,194862.4954270532,1795037.4679893572,105281192.29831019,57.66728008572747,57.66728008572747,3751.4227196350525,3751.4227196350525,226384.46462520276,14.538243623064844
18.356433411182984,351201596637300,351201643152700,46515400,123191000.0,202,30628.52738619129,1142921.9490884098,190486.99151474013,1764408.940603166,105581661.32271546,58.818639279423365,58.818639279423365,3810.2413589144758,3810.2413589144758,230194.70598411723,14.294338610194364
15.954578731957255,351201753001600,351201799530800,46529200,123191000.0,203,30628.52738619129,1116668.9256145316,186111.48760242708,1733780.4132169746,105882129.93624954,60.00997132787911,60.00997132787911,3870.251330242355,3870.251330242355,234064.95731435958,14.050433930847595
13.864639637727173,351201922494800,351201958869700,36374900,123191000.0,204,30628.52738619129,1090415.9021406535,181735.98369011402,1703151.8858307833,106182598.19176275,61.24339471268123,61.24339471268123,3931.494724955036,3931.494724955036,237996.4520393146,13.806529542123414
12.046402751413414,351202078998500,351202110560600,31562100,123191000.0,205,30628.52738619129,1064162.8786667753,177360.47977780097,1672523.358444592,106483066.13536038,62.52118030179019,62.52118030179019,3994.015905256826,3994.015905256826,241990.46794457143,13.562625406595958
10.464800136758994,351202204486600,351202250793200,46306600,123191000.0,206,30628.52738619129,1037909.855192897,172984.9758654879,1641894.8310584007,106783533.8072558,63.84576530312977,63.84576530312977,4057.8616705599557,4057.8616705599557,246048.32961513137,13.318721491622112
9.08925645148618,351202359768500,351202375362600,15594100,123191000.0,207,30628.52738619129,1011656.8317190188,168609.47195317486,1611266.3036722094,107084001.24251695,65.21976877988483,65.21976877988483,4123.0814393398405,4123.0814393398405,250171.41105447122,13.074817768735581
7.893118109639156,351202501104900,351202516807000,15702100,123191000.0,208,30628.52738619129,985403.8082451405,164233.9680408618,1580637.776286018,107384468.47171918,66.64600893532067,66.64600893532067,4189.727448275161,4189.727448275161,254361.13850274638,12.830914213116888
6.8531542779058086,351202627729800,351202643550500,15820700,123191000.0,209,30628.52738619129,959150.7847712622,159858.46412854875,1550009.2488998268,107684935.52151605,68.12752240715164,68.12752240715164,4257.854970682312,4257.854970682312,258618.9934734287,12.587010803130052
5.949120773346686,351202769403500,351202784965500,15562000,123191000.0,210,30628.52738619129,932897.7612973839,155482.9602162357,1519380.7215136355,107985402.41513842,69.6675858494295,69.6675858494295,4327.522556531741,4327.522556531741,262946.5160299605,12.343107519917508
5.163379023979539,351202894786200,351202895107300,321100,123191000.0,211,30628.52738619129,906644.7378235057,151107.45630392263,1488752.1941274442,108285869.17283046,71.26974012474902,71.26974012474902,4398.79229665649,4398.79229665649,267345.30832661694,12.099204347046081
4.480563216346588,351203051371400,351203083025900,31654500,123191000.0,212,30628.52738619129,880391.7143496274,146731.95239160958,1458123.6667412529,108586335.81223075,72.93781748269602,72.93781748269602,4471.730114139186,4471.730114139186,271817.03844075615,11.8553012701977
3.8872896008782,351203238456900,351203243817900,5361000,123191000.0,213,30628.52738619129,854138.6908757491,142356.44847929652,1427495.1393550616,109187268.79563725,76.48871494229239,76.48871494229239,4622.894801245112,4622.894801245112,280986.3393283041,11.367495356286376
3.3719026701771937,351203362224900,351203409997000,47772100,123191000.0,214,30628.52738619129,827885.6674018708,137980.94456698347,1396866.6119688703,109487735.1646827,78.38095221587463,78.38095221587463,4701.275753460986,4701.275753460986,285687.6150817651,11.12359249889789
2.924253579364512,351203504738200,351203535433300,30695100,123191000.0,215,30628.52738619129,801632.6439279926,133605.4406546704,1366238.084582679,109788201.46599033,80.35803034983132,80.35803034983132,4781.6337838108175,4781.6337838108175,290469.24886557594,10.879689696495415
2.535506752047767,351203613304800,351203659070200,45765400,123191000.0,216,30628.52738619129,775379.6204541143,129229.93674235737,1335609.5571964877,110088667.7083957,82.42578612530852,82.42578612530852,4864.059569936126,4864.059569936126,295333.30843551207,10.63578694190671
2.1979711197736638,351203768871700,351203799571000,30699300,123191000.0,217,30628.52738619129,749126.596980236,124854.43283004433,1304981.0298102964,110389133.89958987,84.59060429072828,84.59060429072828,4948.650174226854,4948.650174226854,300281.9586097389,10.391884228888582
1.904952885382993,351203878487200,351203957043200,78556000,123191000.0,218,30628.52738619129,722873.5735063577,120478.92891773129,1274352.502424105,110689600.04626665,86.85948341272146,86.85948341272146,5035.509657639575,5035.509657639575,305317.4682673785,10.147981552007334
1.4299255951060763,351204097978200,351204113616200,15638000,123191000.0,219,30628.52738619129,696620.5500324795,116103.42500541825,1243723.9750379138,110990066.15425098,89.24011145710008,89.24011145710008,5124.749769096676,5124.749769096676,310442.2180364752,9.904078906534584
1.2384394200618334,351204223482000,351204271112700,47630700,123191000.0,220,30628.52738619129,670367.5265586012,111727.92109310521,1213095.4476517225,111290532.228611,91.74095281953636,91.74095281953636,5216.490721916212,5216.490721916212,315658.7087583914,9.660176288356286
1.0723335759418473,351204380072900,351204394874700,14801800,123191000.0,221,30628.52738619129,644114.5030847229,107352.41718079217,1182466.9202655312,111590998.27375571,94.37134888196042,94.37134888196042,5310.862070798173,5310.862070798173,320969.57082918956,9.416273693893455
0.9282728418555701,351204535416200,351204566012300,30596100,123191000.0,222,30628.52738619129,617861.4796108446,102976.91326847913,1151838.3928793399,111891464.2935201,97.14163461231425,97.14163461231425,5408.003705410487,5408.003705410487,326377.5745346,9.172371120033043
0.803357069526738,351204691125400,351204720741000,29615600,123191000.0,223,30628.52738619129,591608.4561369664,98601.40935616608,1121209.8654931486,112191930.29123937,100.06327427550177,100.06327427550177,5508.066979685988,5508.066979685988,331885.641514286,8.928468564067694
0.695064808007254,351204847283100,351204862429000,15145900,123191000.0,225,30628.52738619129,565355.4326630881,94225.90544385304,1090581.3381069573,112492396.26981369,103.14902001264683,103.14902001264683,5611.215999698636,5611.215999698636,337496.8575139846,8.684566023643216
0.6012041853738042,351204973939900,351205019781900,45842000,123191000.0,226,30628.52738619129,539102.4091892098,89850.40153154,1059952.810720766,112792862.23176447,106.4130979142982,106.4130979142982,5717.629097612934,5717.629097612934,343214.48661159753,8.440663496712856
0.5198701198081541,351205176347200,351205193559500,17212300,123191000.0,227,30628.52738619129,486596.36224145326,81099.39370691392,998695.7559483834,113393794.11427625,113.54188043644484,113.54188043644484,5941.0424053637225,5941.0424053637225,354983.0295418885,7.952858476450191
0.44940705007482096,351205361715900,351205393615100,31899200,123191000.0,228,30628.52738619129,460343.338767575,76723.88979460088,968067.2285621921,113694260.03839783,117.44459132994369,117.44459132994369,6058.486996693666,6058.486996693666,361041.51653858216,7.708955980227586
0.3883764782566442,351205503271700,351205519075900,15804200,123191000.0,229,30628.52738619129,434090.3152936967,72348.38588228784,937438.7011760008,113994725.95308696,121.6023253681361,121.6023253681361,6180.089322061802,6180.089322061802,367221.60586064396,7.465053491661763
0.33552870752067876,351205661767200,351205691788000,30020800,123191000.0,230,30628.52738619129,407837.29181981843,67972.8819699748,906810.1737898095,114295191.85959327,126.04092362784395,126.04092362784395,6306.130245689646,6306.130245689646,373527.7361063336,7.221151009738315
0.28977823627105725,351205771476100,351205786273400,14797300,123191000.0,231,30628.52738619129,381584.26834594016,63597.37805766176,876181.6464036182,114595657.75900227,130.78984047357358,130.78984047357358,6436.920086163219,6436.920086163219,379964.6561924968,6.977248533576098
0.2501823387137524,351205927085800,351205947495300,20409500,123191000.0,232,30628.52738619129,355331.2448720619,59221.87414534872,845553.1190174269,114896123.6522567,135.88279797935283,135.88279797935283,6572.802884142572,6572.802884142572,386537.4590766394,6.733346062409837
0.21592242184764018,351206113466900,351206128472200,15005300,123191000.0,233,30628.52738619129,329078.2213981836,54846.370233035675,814924.5916312356,115196589.54017517,141.35858792724125,141.35858792724125,6714.1614720698135,6714.1614720698135,393251.6205487092,6.489443595575026
0.18628780129317613,351206269350900,351206299166300,29815400,123191000.0,234,30628.52738619129,302825.19792430534,50470.866320722635,784296.0642450443,115497055.4234683,147.26206172492354,147.26206172492354,6861.423533794737,6861.423533794737,400113.04408250394,6.24554113249482
0.16066158412586648,351206410936200,351206472592000,61655800,123191000.0,235,30628.52738619129,276572.17445042706,46095.36240840959,753667.536858853,115797521.30275308,153.64536170069863,153.64536170069863,7015.068895495435,7015.068895495435,407128.1129779994,6.0016386726683955
0.13850838683098662,351206581346500,351206612059800,30713300,123191000.0,236,30628.52738619129,250319.15097654882,41719.85849609655,723039.0094726617,116097987.17856482,160.56946535047845,160.56946535047845,7175.638360845914,7175.638360845914,414303.7513388453,5.757736215661195
0.11936365136972077,351206722818600,351206739491700,16673100,123191000.0,237,30628.52738619129,224066.12750267057,37344.35458378351,692410.4820864704,116398453.05136807,168.10613944003217,168.10613944003217,7343.744500285946,7343.744500285946,421647.49583913124,5.513833761096126
0.10282435278579205,351206863828200,351206894676000,30847800,123191000.0,238,30628.52738619129,197813.10402879232,32968.85067147047,661781.954700279,116698918.9215659,176.34043674463567,176.34043674463567,7520.084937030581,7520.084937030581,429167.5807761618,5.269931308646001
0.07621020140196202,351207082204700,351207084226300,2021600,123191000.0,239,30628.52738619129,171560.08055491408,28593.34675915743,631153.4273140877,116999384.78950788,185.37391975736543,185.37391975736543,7705.458856787946,7705.458856787946,436873.03963294975,5.026028858027064
0.06556937336333188,351207191696800,351207196894000,5197200,123191000.0,240,30628.52738619129,145307.05708103583,24217.84284684439,600524.8999278964,117299850.65549713,195.32887090873507,195.32887090873507,7900.787727696681,7900.787727696681,444773.82736064645,4.782126408993244
0.05639061490600637,351207349808800,351207411225500,61416700,123191000.0,242,30628.52738619129,119054.03360715759,19842.338934531348,569896.3725417051,117600316.5197965,206.35386043133744,206.35386043133744,8107.141588128018,8107.141588128018,452880.96894877445,4.538223961331181
0.04847650289293012,351207504075700,351207518470300,14394600,123191000.0,243,30628.52738619129,92801.01013327934,15466.835022218307,539267.8451555138,117900782.38263379,218.63121163590537,218.63121163590537,8325.772799763923,8325.772799763923,461206.7417485384,4.294321514855963
0.0416560030566016,351207687699500,351207702850300,15150800,123191000.0,244,30628.52738619129,40294.96318552285,6715.827197592224,478010.79038313124,118201248.24420644,232.38716338836574,232.38716338836574,8558.15996315229,8558.15996315229,469764.9017116907,4.050419069407308
0.035780990309912455,351207843595500,351207875297700,31702200,123191000.0,245,30628.52738619129,14041.939711644602,2340.3232852791825,447382.26299693994,118501714.10468549,247.90593954940846,247.90593954940846,8806.065902701697,8806.065902701697,478570.9676143924,3.8065166248463886
0.03072322901708663,351208031503600,351208063285800,31782200,123191000.0,246,30628.52738619129,-12211.083762233648,-2035.1806270338593,416753.73561074864,118802179.96421902,265.5495977162412,265.5495977162412,9071.615500417938,9071.615500417938,487642.58311481035,3.5626141810529837
