,,,netThrust,currentAcceleration,currentVelocityDelta,currentVelocity,currentAltitudeDelta,currentAltitude,requiredThrustChange,currentTimestep,sent_time_ns,recv_time_ns,latency
'1.0',1,0,45188045.85,5.683050529,5.683050529,5.683050529,5.683050529,5.683050529,63.31871171,,,,
'1.1',1,1,45467348.83,5.740288398,5.740288398,11.42333893,11.42333893,17.10638946,63.09198819,,,,
'1.2',1,2,45703564.95,5.792509782,5.792509782,17.21584871,17.21584871,34.32223817,62.90024032,,,,
'1.3',1,3,45895767.5,5.839538125,5.839538125,23.05538684,23.05538684,57.377625,62.74422035,,,,
'1.4',1,4,46043329.88,5.881232439,5.881232439,28.93661927,28.93661927,86.31424427,62.62443695,,,,
'1.5',1,5,46145939.12,5.917489739,5.917489739,34.85410901,34.85410901,121.1683533,62.54114415,,,,
'1.6',1,6,46203605.27,5.948247005,5.948247005,40.80235602,40.80235602,161.9707093,62.49433378,,,,
'1.7',1,7,46216666.39,5.97348261,5.97348261,46.77583863,46.77583863,208.7465479,62.48373145,,,,
'2.1',2,1,45188045.85,5.683050529,5.683050529,5.683050529,5.683050529,5.683050529,63.31871171,1,1.30803E+14,1.30803E+14,14613900
'2.2',2,2,45166882.98,5.680388992,5.680388992,11.36343952,11.36343952,17.04649005,63.33589062,1,,,
'2.3',2,3,45403992,5.732289548,5.732289548,17.09572907,17.09572907,34.14221912,63.14341794,1,,,
'2.4',2,4,45597991.58,5.779129321,5.779129321,22.87485839,22.87485839,57.01707751,62.98593925,1,,,
'2.5',2,5,46048724.4,5.881921495,5.881921495,28.75677989,28.75677989,85.77385739,62.62005796,1,,,
'2.6',2,6,46152657.45,5.91835126,5.91835126,34.67513114,34.67513114,120.4489885,62.53569055,1,,,
'2.7',2,7,46211615.63,5.949278258,5.949278258,40.6244094,40.6244094,161.0733979,62.48783139,1,,,
'2.8',2,8,46225927.39,5.97467959,5.97467959,46.59908899,46.59908899,207.6724869,62.47621386,1,,,
'2.9',2,9,46196249.87,5.994574644,5.994574644,52.59366364,52.59366364,260.2661506,62.50030451,1,,,
'2.10',2,10,46123564.67,6.009025389,6.009025389,58.60268903,58.60268903,318.8688396,62.55930655,1,,,
'2.11',2,11,46009169,6.018136069,6.018136069,64.6208251,64.6208251,383.4896647,62.65216696,1,,,
'2.12',2,12,45854662.33,6.0220523,6.0220523,70.64287739,70.64287739,454.1325421,62.77758738,1,,,
'2.13',2,13,45661928.88,6.020959599,6.020959599,76.66383699,76.66383699,530.7963791,62.9340383,1,,,
'2.14',2,14,45433116.29,6.015081367,6.015081367,82.67891836,82.67891836,613.4752974,63.11977637,1,,,
'2.15',2,15,45170610.95,6.004676382,6.004676382,88.68359474,88.68359474,702.1588922,63.33286445,1,,,
'2.16',2,16,44877010.57,5.990035857,5.990035857,94.6736306,94.6736306,796.8325228,63.57119386,1,,,
'2.17',2,17,44555094.52,5.971480136,5.971480136,100.6451107,100.6451107,897.4776335,63.83250845,1,,,
'2.18',2,18,44207792.61,5.949355092,5.949355092,106.5944658,106.5944658,1004.072099,64.11442994,1,,,
'2.19',2,19,43838153.05,5.924028321,5.924028321,112.5184941,112.5184941,1116.590593,64.41448397,1,,,
'2.20',2,20,43449310.03,5.895885198,5.895885198,118.4143793,118.4143793,1235.004973,64.73012637,1,,,
'2.21',2,21,43044451.71,5.865324888,5.865324888,124.2797042,124.2797042,1359.284677,65.05876914,1,,,
'2.22',2,22,42626789.17,5.832756379,5.832756379,130.1124606,130.1124606,1489.397138,65.39780571,1,,,
'2.23',2,23,42199526.7,5.798594615,5.798594615,135.9110552,135.9110552,1625.308193,65.744635,1,,,
'2.24',2,24,41765834.05,5.76325679,5.76325679,141.674312,141.674312,1766.982505,66.09668397,1,,,
'2.25',2,25,41328820.99,5.727158862,5.727158862,147.4014709,147.4014709,1914.383976,66.45142828,1,,,
'2.26',2,26,40891514.27,5.690712337,5.690712337,153.0921832,153.0921832,2067.476159,66.80641097,1,,,
'2.27',2,27,40456837.51,5.654321346,5.654321346,158.7465046,158.7465046,2226.222664,67.15925879,1,,,
'2.28',2,28,40027593.89,5.618380068,5.618380068,164.3648846,164.3648846,2390.587548,67.50769627,1,,,
'2.29',2,29,39606451.8,5.583270488,5.583270488,169.9481551,169.9481551,2560.535703,67.84955736,1,,,
'2.30',2,30,39195933.47,5.549360522,5.549360522,175.4975156,175.4975156,2736.033219,68.18279463,1,,,
'2.31',2,31,38798406.4,5.517002496,5.517002496,181.0145181,181.0145181,2917.047737,68.50548628,1,,,
'2.32',2,32,38416077.55,5.486531969,5.486531969,186.5010501,186.5010501,3103.548787,68.81584081,1,,,
'2.33',2,33,38050990.1,5.458266907,5.458266907,191.959317,191.959317,3295.508104,69.11219968,1,,,
'2.34',2,34,37705022.48,5.432507151,5.432507151,197.3918242,197.3918242,3492.899928,69.39303806,1,,,
'2.35',2,35,37379889.64,5.409534197,5.409534197,202.8013584,202.8013584,3695.701287,69.65696387,1,,,
'2.36',2,36,37077146.05,5.38961123,5.38961123,208.1909696,208.1909696,3903.892256,69.90271525,1,,,
'2.37',2,37,36798190.42,5.372983398,5.372983398,213.563953,213.563953,4117.456209,70.12915682,1,,,
'2.38',2,38,36544271.7,5.359878289,5.359878289,218.9238313,218.9238313,4336.380041,70.33527473,1,,,
'2.39',2,39,36316496.25,5.350506592,5.350506592,224.2743379,224.2743379,4560.654379,70.52017091,1,,,
'2.40',2,40,36115835.79,5.345062891,5.345062891,229.6194008,229.6194008,4790.273779,70.68305656,1,,,
'2.41',2,41,35943136.11,5.343726589,5.343726589,234.9631274,234.9631274,5025.236907,70.82324512,1,,,
'2.42',2,42,35799126.08,5.346662911,5.346662911,240.3097903,240.3097903,5265.546697,70.94014492,1,,,
'2.43',2,43,35684426.98,5.354023977,5.354023977,245.6638142,245.6638142,5511.210511,71.03325164,1,,,
'2.44',2,44,35599561.89,5.365949916,5.365949916,251.0297642,251.0297642,5762.240275,71.10214067,1,,,
'2.45',2,45,35544965,5.382569989,5.382569989,256.4123341,256.4123341,6018.652609,71.14645956,1,,,
'2.46',2,46,35520990.65,5.404003728,5.404003728,261.8163379,261.8163379,6280.468947,71.16592068,1,,,
'2.47',2,47,35527922.15,5.430362039,5.430362039,267.2466999,267.2466999,6547.715647,71.16029405,1,,,
'2.48',2,48,35565980.1,5.461748288,5.461748288,272.7084482,272.7084482,6820.424095,71.12940061,1,,,
'2.49',2,49,35635330.23,5.49825933,5.49825933,278.2067075,278.2067075,7098.630803,71.0731058,1,,,
'2.50',2,50,35736090.76,5.539986489,5.539986489,283.746694,283.746694,7382.377497,70.99131369,1,,,
'2.51',2,51,35868339,5.587016465,5.587016465,289.3337105,289.3337105,7671.711207,70.88396149,1,,,
'2.52',2,52,36032117.47,5.639432174,5.639432174,294.9731427,294.9731427,7966.68435,70.75101471,1,,,
'2.53',2,53,36227439.21,5.697313493,5.697313493,300.6704562,300.6704562,8267.354806,70.59246275,1,,,
'2.54',2,54,36454292.5,5.76073793,5.76073793,306.4311941,306.4311941,8573.786,70.40831513,1,,,
'2.55',2,55,36712644.76,5.829781192,5.829781192,312.2609753,312.2609753,8886.046976,70.1985983,1,,,
'2.56',2,56,37002445.79,5.904517654,5.904517654,318.1654929,318.1654929,9204.212469,69.96335301,1,,,
'2.57',2,57,37323630.28,5.985020727,5.985020727,324.1505137,324.1505137,9528.362982,69.70263227,1,,,
'2.58',2,58,37676119.53,6.071363116,6.071363116,330.2218768,330.2218768,9858.584859,69.41649996,1,,,
'2.59',2,59,38059822.45,6.163616962,6.163616962,336.3854937,336.3854937,10194.97035,69.10503004,1,,,
'2.60',2,60,63215995.56,10.34012315,10.34012315,353.0985642,353.0985642,10898.45938,48.6845666,60,,,
'2.61',2,61,38920443.8,6.366144811,6.366144811,349.0134924,349.0134924,10886.63119,68.40642271,1,,,
'2.62',2,62,39397116.59,6.476559898,6.476559898,355.4900523,355.4900523,11242.12125,68.01948471,1,,,
'2.63',2,63,40049166.51,6.617068955,6.617068955,362.1071213,362.1071213,11604.22837,67.49018475,1,,,
'2.64',2,64,40819454.48,6.77864244,6.77864244,368.8857637,368.8857637,11973.11413,66.86490533,1,,,
'2.65',2,65,41599996.32,6.943579453,6.943579453,375.8293432,375.8293432,12348.94347,66.23130235,1,,,
'2.66',2,66,42390474.85,7.111878632,7.111878632,382.9412218,382.9412218,12731.88469,65.58963329,1,,,
'2.67',2,67,43190525.65,7.283530617,7.283530617,390.2247524,390.2247524,13122.10945,64.94019397,1,,,
'2.68',2,68,43999736.07,7.458517685,7.458517685,397.6832701,397.6832701,13519.79272,64.28331934,1,,,
'2.69',2,69,44817644.54,7.636813403,7.636813403,405.3200835,405.3200835,13925.1128,63.6193841,1,,,
'2.70',2,70,45643740.08,7.818382319,7.818382319,413.1384658,413.1384658,14338.25127,62.94880301,1,,,
'2.71',2,71,46477462.09,8.00317969,8.00317969,421.1416455,421.1416455,14759.39291,62.27203116,1,,,
'2.72',2,72,47318200.41,8.191151243,8.191151243,429.3327967,429.3327967,15188.72571,61.58956384,1,,,
'2.73',2,73,48165295.75,8.382233003,8.382233003,437.7150297,437.7150297,15626.44074,60.90193622,1,,,
'2.74',2,74,49018040.54,8.57635117,8.57635117,446.2913809,446.2913809,16072.73212,60.20972267,1,,,
'2.75',2,75,49875680.12,8.773422074,8.773422074,455.064803,455.064803,16527.79692,59.51353579,1,,,
'2.76',2,76,50737414.41,8.973352197,8.973352197,464.0381552,464.0381552,16991.83508,58.81402504,1,,,
'2.77',2,77,51602400.03,9.176038287,9.176038287,473.2141935,473.2141935,17465.04927,58.11187503,1,,,
'2.78',2,78,52469752.95,9.38136756,9.38136756,482.595561,482.595561,17947.64483,57.40780337,1,,,
'2.79',2,79,53338551.6,9.589217999,9.589217999,492.184779,492.184779,18439.82961,56.70255814,1,,,
'2.80',2,80,54910339.05,10.03760771,10.03760771,516.9969605,516.9969605,19377.70859,55.42666343,80,,,
'2.81',2,81,55076634.55,10.01195068,10.01195068,511.9961885,511.9961885,19453.81004,55.29167346,1,,,
'2.82',2,82,55943923.46,10.2265469,10.2265469,522.2227354,522.2227354,19976.03277,54.58765375,1,,,
'2.83',2,83,56808677.21,10.44309362,10.44309362,532.665829,532.665829,20508.6986,53.88569196,1,,,
'2.84',2,84,57669851.55,10.66143091,10.66143091,543.3272599,543.3272599,21052.02586,53.18663576,1,,,
'2.85',2,85,58526394.13,10.88139373,10.88139373,554.2086536,554.2086536,21606.23452,52.49133936,1,,,
'2.86',2,86,59377251.04,11.10281291,11.10281291,565.3114665,565.3114665,22171.54598,51.80065829,1,,,
'2.87',2,87,60221373.58,11.32551641,11.32551641,576.6369829,576.6369829,22748.18296,51.11544384,1,,,
'2.88',2,88,61057725.4,11.54933051,11.54933051,588.1863135,588.1863135,23336.36928,50.43653725,1,,,
'2.89',2,89,61885289.78,11.77408121,11.77408121,599.9603947,599.9603947,23936.32967,49.76476384,1,,,
'2.90',2,90,62703077.04,11.99959556,11.99959556,611.9599902,611.9599902,24548.28966,49.10092698,1,,,
'2.91',2,91,63510131.97,12.2257032,12.2257032,624.1856934,624.1856934,25172.47536,48.44580207,1,,,
'2.92',2,92,64453548.35,12.48089818,12.48089818,636.6665916,636.6665916,25809.14195,47.67998608,1,,,
'2.93',2,93,65288954.85,12.71809831,12.71809831,649.3846899,649.3846899,26458.52664,47.00184685,1,,,
'2.94',2,94,66097618.75,12.95290523,12.95290523,662.3375951,662.3375951,27120.86423,46.34541586,1,,,
'2.95',2,95,66880257.7,13.18541705,13.18541705,675.5230122,675.5230122,27796.38725,45.71011056,1,,,
'2.96',2,96,67637589.09,13.41573424,13.41573424,688.9387464,688.9387464,28485.32599,45.09534861,1,,,
'2.97',2,97,68370335.37,13.64396074,13.64396074,702.5827072,702.5827072,29187.9087,44.50054357,1,,,
'2.98',2,98,69079227.75,13.87020478,13.87020478,716.4529119,716.4529119,29904.36161,43.92510188,1,,,
'2.99',2,99,69765008.68,14.09457956,14.09457956,730.5474915,730.5474915,30634.9091,43.36842084,1,,,
'2.100',2,100,75234630.51,15.39006693,15.39006693,766.9676774,766.9676774,32179.43656,38.92846839,100,,,
'2.101',2,101,71070268.27,14.53820107,14.53820107,759.4028962,759.4028962,32139.17669,42.30887949,1,,,
'2.102',2,102,71691293.91,14.75770157,14.75770157,774.1605978,774.1605978,32913.33729,41.8047634,1,,,
'2.103',2,103,72292300.04,14.97584031,14.97584031,789.1364381,789.1364381,33702.47373,41.31689812,1,,,
'2.104',2,104,72874085.42,15.19275773,15.19275773,804.3291958,804.3291958,34506.80293,40.84463523,1,,,
'2.105',2,105,73437455.08,15.40859921,15.40859921,819.737795,819.737795,35326.54072,40.38732125,1,,,
'2.106',2,106,73983217.61,15.62351461,15.62351461,835.3613096,835.3613096,36161.90203,39.94429982,1,,,
'2.107',2,107,74512182.22,15.83765784,15.83765784,851.1989675,851.1989675,37013.101,39.51491406,1,,,
'2.108',2,108,75025155.64,16.05118632,16.05118632,867.2501538,867.2501538,37880.35115,39.09850911,1,,,
'2.109',2,109,75522939.03,16.26426043,16.26426043,883.5144142,883.5144142,38763.86557,38.69443464,1,,,
'2.110',2,110,76006324.92,16.47704291,16.47704291,899.9914571,899.9914571,39663.85702,38.30204729,1,,,
'2.111',2,111,76476094.26,16.68969836,16.68969836,916.6811555,916.6811555,40580.53818,37.92071315,1,,,
'2.112',2,112,76933013.57,16.90239261,16.90239261,933.5835481,933.5835481,41514.12173,37.54981,1,,,
'2.113',2,113,77377832.37,17.11529224,17.11529224,950.6988403,950.6988403,42464.82057,37.1887294,1,,,
'2.114',2,114,77811280.83,17.32856405,17.32856405,968.0274044,968.0274044,43432.84797,36.83687865,1,,,
'2.115',2,115,78234067.6,17.54237463,17.54237463,985.569779,985.569779,44418.41775,36.49368249,1,,,
'2.116',2,116,78646878.05,17.75688989,17.75688989,1003.326669,1003.326669,45421.74442,36.1585846,1,,,
'2.117',2,117,79050372.66,17.97227471,17.97227471,1021.298944,1021.298944,46443.04336,35.83104881,1,,,
'2.118',2,118,79445185.81,18.18869262,18.18869262,1039.487636,1039.487636,47482.531,35.51056018,1,,,
'2.119',2,119,79831924.77,18.40630552,18.40630552,1057.893942,1057.893942,48540.42494,35.19662575,1,,,
'2.120',2,120,80211168.99,18.62527346,18.62527346,1076.519215,1076.519215,49616.94416,34.88877516,1,,,
'2.121',2,121,80583469.67,18.84575448,18.84575448,1095.36497,1095.36497,50712.30913,34.58656097,1,,,
'2.122',2,122,80949349.57,19.06790444,19.06790444,1114.432874,1114.432874,51826.742,34.28955884,1,,,
'3.20',3,20,43430919.42,5.893389672,5.893389672,118.5667824,118.5667824,1238.056702,64.7450549,20,1.30821E+14,1.30821E+14,31690000
'3.21',3,21,50361320.04,6.83381534,6.83381534,125.4005977,125.4005977,1363.4573,59.11931875,20,,,
'3.22',3,22,43025911.45,5.862798554,5.862798554,131.2633963,131.2633963,1494.720696,65.07381915,20,,,
'3.23',3,23,41605873.13,5.693061257,5.693061257,136.9564576,136.9564576,1631.677154,66.22653186,20,,,
'3.24',3,24,41168780.76,5.656960851,5.656960851,142.6134184,142.6134184,1774.290572,66.58134055,20,,,
'3.25',3,25,40728790.98,5.620155481,5.620155481,148.2335739,148.2335739,1922.524146,66.93850121,20,,,
'3.26',3,26,40589317.78,5.648656832,5.648656832,153.8822307,153.8822307,2076.406377,67.05171824,20,,,
'3.27',3,27,40141311.78,5.610222896,5.610222896,159.4924536,159.4924536,2235.89883,67.41538604,20,,,
'3.28',3,28,39698811.4,5.57223128,5.57223128,165.0646849,165.0646849,2400.963515,67.77458467,20,,,
'3.29',3,29,39264498.09,5.535065715,5.535065715,170.5997506,170.5997506,2571.563266,68.12713746,20,,,
'3.30',3,30,38840904.03,5.499095452,5.499095452,176.0988461,176.0988461,2747.662112,68.47098893,20,,,
'3.31',3,31,38430403.36,5.464673705,5.464673705,181.5635198,181.5635198,2929.225632,68.80421187,20,,,
'3.32',3,32,38035206.27,5.432136452,5.432136452,186.9956562,186.9956562,3116.221288,69.12501216,20,,,
'3.33',3,33,37657355.68,5.401801578,5.401801578,192.3974578,192.3974578,3308.618746,69.43173147,20,,,
'3.34',3,34,37298726.31,5.373968349,5.373968349,197.7714261,197.7714261,3506.390172,69.72284801,20,,,
'3.35',3,35,36961025.96,5.34891718,5.34891718,203.1203433,203.1203433,3709.510515,69.99697546,20,,,
'3.36',3,36,36645798.67,5.326909676,5.326909676,208.447253,208.447253,3917.957768,70.25286046,20,,,
'3.37',3,37,36354429.63,5.308188924,5.308188924,213.7554419,213.7554419,4131.71321,70.48937858,20,,,
'3.38',3,38,36088151.33,5.292979989,5.292979989,219.0484219,219.0484219,4350.761632,70.70552935,20,,,
'3.39',3,39,35848051.02,5.281490593,5.281490593,224.3299125,224.3299125,4575.091545,70.90043021,20,,,
'3.40',3,40,35635078.91,5.273911949,5.273911949,229.6038245,229.6038245,4804.695369,71.07330981,20,,,
'3.41',3,41,57206677.13,8.505013049,8.505013049,238.2346693,238.2346693,5034.118835,53.56261648,40,,,
'3.42',3,42,35293689.25,5.271175025,5.271175025,240.1454192,240.1454192,5279.715032,71.35043205,20,,,
'3.43',3,43,35166569.53,5.276325624,5.276325624,245.4217448,245.4217448,5525.136777,71.45362118,20,,,
'3.44',3,44,35069193.01,5.286006998,5.286006998,250.7077518,250.7077518,5775.844529,71.53266634,20,,,
'3.45',3,45,35001964.96,5.300343555,5.300343555,256.0080954,256.0080954,6031.852624,71.58723855,20,,,
'3.46',3,46,34965210.3,5.319449805,5.319449805,261.3275452,261.3275452,6293.18017,71.61707406,20,,,
'3.47',3,47,34959182.7,5.343431508,5.343431508,266.6709767,266.6709767,6559.851146,71.62196695,20,,,
'3.48',3,48,34984073.25,5.372386805,5.372386805,272.0433635,272.0433635,6831.89451,71.6017621,20,,,
'3.49',3,49,35040018.66,5.4064073,5.4064073,277.4497708,277.4497708,7109.34428,71.55634855,20,,,
'3.50',3,50,35127108.82,5.44557908,5.44557908,282.8953499,282.8953499,7392.23963,71.48565332,20,,,
'3.51',3,51,35245393.86,5.489983682,5.489983682,288.3853335,288.3853335,7680.624964,71.38963572,20,,,
'3.52',3,52,35394890.48,5.539698974,5.539698974,293.9250325,293.9250325,7974.549996,71.2682822,20,,,
'3.53',3,53,35575587.68,5.594799966,5.594799966,299.5198325,299.5198325,8274.069829,71.12160168,20,,,
'3.54',3,54,35787451.72,5.65535953,5.65535953,305.175192,305.175192,8579.245021,70.94962155,20,,,
'3.55',3,55,36030430.45,5.721449029,5.721449029,310.896641,310.896641,8890.141662,70.75238415,20,,,
'3.56',3,56,36304456.87,5.793138856,5.793138856,316.6897799,316.6897799,9206.831442,70.52994385,20,,,
'3.57',3,57,36609452.05,5.870498868,5.870498868,322.5602788,322.5602788,9529.391721,70.28236475,20,,,
'3.58',3,58,36945327.21,5.953598718,5.953598718,328.5138775,328.5138775,9857.905598,70.00971889,20,,,
'3.59',3,59,37311985.21,6.042508087,6.042508087,334.5563856,334.5563856,10192.46198,69.71208513,20,,,
'3.60',3,60,37709321.25,6.137296796,6.137296796,340.6936824,340.6936824,10533.15567,69.38954855,20,,,
'3.61',3,61,38041777.92,6.285400912,6.285400912,359.3839651,359.3839651,11257.84334,69.11967764,60,,,
'3.62',3,62,38595569.07,6.34479212,6.34479212,353.2765093,353.2765093,11233.36389,68.67013899,20,,,
'3.63',3,63,39084229.18,6.457638501,6.457638501,359.7341478,359.7341478,11593.09804,68.27347032,20,,,
'3.64',3,64,39745245.1,6.600254919,6.600254919,366.3344027,366.3344027,11959.43244,67.73689223,20,,,
'3.65',3,65,40531074.56,6.765162534,6.765162534,373.0995653,373.0995653,12332.53201,67.09899704,20,,,
'3.66',3,66,41325992.04,6.933289629,6.933289629,380.0328549,380.0328549,12712.56486,66.45372468,20,,,
'3.67',3,67,42129790.23,7.104651134,7.104651134,387.137506,387.137506,13099.70237,65.80124341,20,,,
'3.68',3,68,42942208.94,7.279253319,7.279253319,394.4167593,394.4167593,13494.11913,65.14176446,20,,,
'3.69',3,69,43762934.6,7.457093493,7.457093493,401.8738528,401.8738528,13895.99298,64.47554237,20,,,
'3.70',3,70,44591599.97,7.638159716,7.638159716,409.5120125,409.5120125,14305.50499,63.80287523,20,,,
'3.71',3,71,45427784.03,7.822430531,7.822430531,417.3344431,417.3344431,14722.83944,63.12410482,20,,,
'3.72',3,72,46271012.01,8.009874726,8.009874726,425.3443178,425.3443178,15148.18375,62.43961652,20,,,
'3.73',3,73,47120755.72,8.200451125,8.200451125,433.5447689,433.5447689,15581.72852,61.74983909,20,,,
'3.74',3,74,47976434.16,8.394108428,8.394108428,441.9388774,441.9388774,16023.6674,61.05524417,20,,,
'3.75',3,75,48837414.42,8.590785101,8.590785101,450.5296625,450.5296625,16474.19706,60.3563455,20,,,
'3.76',3,76,49703012.97,8.790409323,8.790409323,459.3200718,459.3200718,16933.51714,59.65369794,20,,,
'3.77',3,77,50572497.36,8.992899007,8.992899007,468.3129708,468.3129708,17401.83011,58.94789607,20,,,
'3.78',3,78,51445088.25,9.198161892,9.198161892,477.5111327,477.5111327,17879.34124,58.23957249,20,,,
'3.79',3,79,52319962.06,9.406095718,9.406095718,486.9172284,486.9172284,18366.25847,57.52939577,20,,,
'3.80',3,80,53196253.87,9.6165885,9.6165885,496.5338169,496.5338169,18862.79228,56.81806799,20,,,
'3.81',3,81,55811327.2,10.25975156,10.25975156,527.256712,527.256712,19904.9653,54.69528846,80,,,
'3.82',3,82,54949447.04,10.04475665,10.04475665,516.4080924,516.4080924,19885.56371,55.39491761,20,,,
'3.83',3,83,55824446.23,10.26216323,10.26216323,526.6702557,526.6702557,20412.23397,54.68463911,20,,,
'3.84',3,84,56697068.55,10.48159243,10.48159243,537.1518481,537.1518481,20949.38582,53.97629003,20,,,
'3.85',3,85,57566305.13,10.70289125,10.70289125,547.8547393,547.8547393,21497.24056,53.27068931,20,,,
'3.86',3,86,58431134.17,10.92590073,10.92590073,558.7806401,558.7806401,22056.0212,52.5686664,20,,,
'3.87',3,87,59290527.23,11.15045704,11.15045704,569.9310971,569.9310971,22625.95229,51.87105614,20,,,
'3.88',3,88,60143455.91,11.37639252,11.37639252,581.3074896,581.3074896,23207.25978,51.17869332,20,,,
'3.89',3,89,60988898.8,11.60353696,11.60353696,592.9110266,592.9110266,23800.17081,50.49240708,20,,,
'3.90',3,90,61825848.7,11.83171886,11.83171886,604.7427455,604.7427455,24404.91355,49.81301499,20,,,
'3.91',3,91,62653319.96,12.06076685,12.06076685,616.8035123,616.8035123,25021.71707,49.14131718,20,,,
'3.92',3,92,63470355.88,12.29051106,12.29051106,629.0940234,629.0940234,25650.81109,48.47809022,20,,,
'3.93',3,93,64412552.83,12.54737775,12.54737775,641.6414011,641.6414011,26292.45249,47.71326409,20,,,
'3.94',3,94,65263020.68,12.78935214,12.78935214,654.4307533,654.4307533,26946.88324,47.02289885,20,,,
'3.95',3,95,66086490.92,13.02892623,13.02892623,667.4596795,667.4596795,27614.34292,46.35444885,20,,,
'3.96',3,96,66883679.94,13.26619839,13.26619839,680.7258779,680.7258779,28295.0688,45.70733256,20,,,
'3.97',3,97,67655298.35,13.50126819,13.50126819,694.2271461,694.2271461,28989.29595,45.08097317,20,,,
'3.98',3,98,68402057.47,13.73423785,13.73423785,707.9613839,707.9613839,29697.25733,44.47479324,20,,,
'3.99',3,99,69124674.24,13.96521321,13.96521321,721.9265971,721.9265971,30419.18393,43.8882108,20,,,
'3.100',3,100,69823874.61,14.1943046,14.1943046,736.1209017,736.1209017,31155.30483,43.32063656,20,,,
'3.101',3,101,71142543.01,14.64474082,14.64474082,781.6124182,781.6124182,32961.04898,42.25021064,100,,,
'3.102',3,102,71154986.65,14.64730235,14.64730235,765.1898315,765.1898315,32671.03719,42.24010954,20,,,
'3.103',3,103,71788408.89,14.87145584,14.87145584,780.0612873,780.0612873,33451.09848,41.72593055,20,,,
'3.104',3,104,72401435.15,15.09421981,15.09421981,795.1555071,795.1555071,34246.25399,41.22830795,20,,,
'3.105',3,105,72994848.1,15.3157317,15.3157317,810.4712388,810.4712388,35056.72522,40.74660641,20,,,
'3.106',3,106,73569438.32,15.53613416,15.53613416,826.007373,826.007373,35882.7326,40.28018417,20,,,
'3.107',3,107,74126001.94,15.75557474,15.75557474,841.7629477,841.7629477,36724.49555,39.82839498,20,,,
'3.108',3,108,74665337.88,15.97420545,15.97420545,857.7371532,857.7371532,37582.2327,39.39059032,20,,,
'3.109',3,109,75188244.94,16.1921823,16.1921823,873.9293355,873.9293355,38456.16203,38.96612176,20,,,
'3.110',3,110,75695518.81,16.40966476,16.40966476,890.3390002,890.3390002,39346.50103,38.55434341,20,,,
'3.111',3,111,76187949.01,16.62681521,16.62681521,906.9658155,906.9658155,40253.46685,38.15461437,20,,,
'3.112',3,112,76666315.9,16.8437984,16.8437984,923.8096139,923.8096139,41177.27646,37.76630119,20,,,
'3.113',3,113,77131387.8,17.06078088,17.06078088,940.8703947,940.8703947,42118.14686,37.38878019,20,,,
'3.114',3,114,77583918.28,17.27793044,17.27793044,958.1483252,958.1483252,43076.29518,37.02143965,20,,,
'3.115',3,115,78024643.66,17.49541564,17.49541564,975.6437408,975.6437408,44051.93892,36.66368188,20,,,
'3.116',3,116,78454280.68,17.71340526,17.71340526,993.3571461,993.3571461,45045.29607,36.31492505,20,,,
'3.117',3,117,78873524.54,17.9320679,17.9320679,1011.289214,1011.289214,46056.58528,35.97460485,20,,,
'3.118',3,118,79283047.11,18.15157154,18.15157154,1029.440786,1029.440786,47086.02607,35.64217589,20,,,
'3.119',3,119,79683495.48,18.37208319,18.37208319,1047.812869,1047.812869,48133.83894,35.31711287,20,,,
'3.120',3,120,80075490.78,18.59376858,18.59376858,1066.406637,1066.406637,49200.24558,34.99891162,20,,,
'3.121',3,121,80421108.28,18.80778362,18.80778362,1104.047496,1104.047496,49138.16001,34.71835745,120,,,
'3.122',3,122,80836471.56,19.04131563,19.04131563,1104.264745,1104.264745,51389.73375,34.3811873,20,,,
'3.123',3,123,81206562.5,19.26750027,19.26750027,1123.532245,1123.532245,52513.26599,34.08076686,20,,,
'3.124',3,124,81570410.76,19.49550436,19.49550436,1143.027749,1143.027749,53656.29374,33.7854139,20,,,
'3.125',3,125,81928498.97,19.72548437,19.72548437,1162.753234,1162.753234,54819.04698,33.49473665,20,,,
'3.126',3,126,82281282.02,19.95759466,19.95759466,1182.710828,1182.710828,56001.75781,33.20836586,20,,,
'3.127',3,127,82629187.42,20.19198753,20.19198753,1202.902816,1202.902816,57204.66062,32.92595448,20,,,
'3.128',3,128,82972615.93,20.42881331,20.42881331,1223.331629,1223.331629,58427.99225,32.6471772,20,,,
'3.129',3,129,83311942.26,20.66822039,20.66822039,1243.99985,1243.99985,59671.9921,32.37172987,20,,,
'3.130',3,130,83647515.89,20.91035545,20.91035545,1264.910205,1264.910205,60936.90231,32.09932877,20,,,
'3.131',3,131,83979662.01,21.15536353,21.15536353,1286.065569,1286.065569,62222.96788,31.82970996,20,,,
'3.132',3,132,84308682.46,21.4033883,21.4033883,1307.468957,1307.468957,63530.43683,31.56262839,20,,,
'3.133',3,133,84634856.83,21.6545722,21.6545722,1329.123529,1329.123529,64859.56036,31.29785712,20,,,
'3.134',3,134,84958443.53,21.90905673,21.90905673,1351.032586,1351.032586,66210.59295,31.03518639,20,,,
'3.135',3,135,85279680.86,22.16698267,22.16698267,1373.199569,1373.199569,67583.79252,30.77442276,20,,,
'3.136',3,136,85598788.16,22.42849035,22.42849035,1395.628059,1395.628059,68979.42057,30.51538817,20,,,
'3.137',3,137,85915966.92,22.69371991,22.69371991,1418.321779,1418.321779,70397.74235,30.25791907,20,,,
'3.138',3,138,86231401.88,22.96281161,22.96281161,1441.28459,1441.28459,71839.02694,30.0018655,20,,,
'3.139',3,139,86545262.08,23.23590612,23.23590612,1464.520497,1464.520497,73303.54744,29.74709022,20,,,
'3.140',3,140,86857701.99,23.51314483,23.51314483,1488.033641,1488.033641,74791.58108,29.49346787,20,,,
'3.141',3,141,87168862.45,23.79467012,23.79467012,1511.828312,1511.828312,76303.40939,29.24088412,20,,,
'3.142',3,142,87478871.7,24.08062573,24.08062573,1535.908937,1535.908937,77839.31833,28.98923484,20,,,
'3.143',3,143,87787846.33,24.37115701,24.37115701,1560.280094,1560.280094,79399.59843,28.73842543,20,,,
'3.144',3,144,88095892.12,24.66641133,24.66641133,1584.946506,1584.946506,80984.54493,28.48836999,20,,,
'3.145',3,145,88403104.97,24.96653832,24.96653832,1609.913044,1609.913044,82594.45797,28.2389907,20,,,
'3.146',3,146,88709571.64,25.27169024,25.27169024,1635.184734,1635.184734,84229.64271,27.99021711,20,,,
'3.147',3,147,89015370.54,25.58202233,25.58202233,1660.766756,1660.766756,85890.40947,27.74198558,20,,,
'3.148',3,148,89320572.43,25.89769311,25.89769311,1686.66445,1686.66445,87577.07391,27.49423868,20,,,
'3.149',3,149,89625241.07,26.21886474,26.21886474,1712.883314,1712.883314,89289.95723,27.24692464,20,,,
'3.150',3,150,89929433.88,26.54570336,26.54570336,1739.429018,1739.429018,91029.38625,26.99999685,20,,,
'3.151',3,151,90233202.46,26.87837946,26.87837946,1766.307397,1766.307397,92795.69364,26.75341343,20,,,
'3.152',3,152,90536593.14,27.2170682,27.2170682,1793.524465,1793.524465,94589.21811,26.50713677,20,,,
'3.153',3,153,90839647.48,27.56194984,27.56194984,1821.086415,1821.086415,96410.30452,26.26113313,20,,,
'3.154',3,154,91142402.74,27.91321004,27.91321004,1848.999625,1848.999625,98259.30415,26.01537228,20,,,
'3.155',3,155,91444892.22,28.2710403,28.2710403,1877.270666,1877.270666,100136.5748,25.76982717,20,,,
'3.156',3,156,91747145.72,28.63563836,28.63563836,1905.906304,1905.906304,102042.4811,25.52447361,20,,,
'3.157',3,157,92049189.86,29.00720855,29.00720855,1934.913512,1934.913512,103977.3946,25.27929,20,,,
'3.158',3,158,92351048.38,29.38596229,29.38596229,1964.299475,1964.299475,105941.6941,25.03425707,20,,,
'3.159',3,159,92652742.44,29.77211847,29.77211847,1994.071593,1994.071593,107935.7657,24.78935763,20,,,
'3.160',3,160,92954290.9,30.16590396,30.16590396,2024.237497,2024.237497,109960.0032,24.54457639,20,,,
'3.161',3,161,93255710.54,30.56755402,30.56755402,2054.805051,2054.805051,112014.8082,24.29989971,20,,,
'3.162',3,162,93557016.27,30.97731287,30.97731287,2085.782364,2085.782364,114100.5906,24.05531551,20,,,
'3.163',3,163,93858221.34,31.39543416,31.39543416,2117.177798,2117.177798,116217.7684,23.81081301,20,,,
'3.164',3,164,94159337.51,31.82218157,31.82218157,2148.99998,2148.99998,118366.7684,23.56638268,20,,,
'3.165',3,165,94460375.22,32.25782933,32.25782933,2181.257809,2181.257809,120548.0262,23.32201604,20,,,
'3.166',3,166,94761343.72,32.70266286,32.70266286,2213.960472,2213.960472,122761.9867,23.07770558,20,,,
'3.167',3,167,95062251.19,33.15697941,33.15697941,2247.117451,2247.117451,125009.1041,22.83344466,20,,,
'3.168',3,168,95363104.89,33.62108875,33.62108875,2280.73854,2280.73854,127289.8427,22.58922739,20,,,
'3.169',3,169,95663911.23,34.09531385,34.09531385,2314.833854,2314.833854,129604.6765,22.34504856,20,,,
'3.170',3,170,95964675.88,34.5799917,34.5799917,2349.413846,2349.413846,131954.0904,22.10090357,20,,,
'3.171',3,171,96265403.84,35.07547408,35.07547408,2384.48932,2384.48932,134338.5797,21.85678837,20,,,
'3.172',3,172,96566099.54,35.58212842,35.58212842,2420.071448,2420.071448,136758.6511,21.61269935,20,,,
'3.173',3,173,96866766.88,36.10033875,36.10033875,2456.171787,2456.171787,139214.8229,21.36863336,20,,,
'3.174',3,174,97167409.29,36.63050667,36.63050667,2492.802294,2492.802294,141707.6252,21.1245876,20,,,
'3.175',3,175,97468029.81,37.17305237,37.17305237,2529.975346,2529.975346,144237.6006,20.88055961,20,,,
'3.176',3,176,97768631.12,37.72841577,37.72841577,2567.703762,2567.703762,146805.3043,20.63654722,20,,,
'3.177',3,177,98069215.55,38.29705772,38.29705772,2606.000819,2606.000819,149411.3051,20.39254852,20,,,
'3.178',3,178,98369785.19,38.87946127,38.87946127,2644.880281,2644.880281,152056.1854,20.14856184,20,,,
'3.179',3,179,98670341.85,39.47613306,39.47613306,2684.356414,2684.356414,154740.5418,19.90458569,20,,,
'3.180',3,180,98970887.13,40.08760475,40.08760475,2724.444019,2724.444019,157464.9859,19.66061877,20,,,
'4.40',4,40,36107383.26,5.343811936,5.343811936,229.7296562,229.7296562,4795.884166,70.68991788,40,1.30842E+14,1.30842E+14,18647400
'4.42',4,42,34631857.58,5.172329293,5.172329293,243.4069985,243.4069985,5277.525834,71.88767233,40,,,
'4.43',4,43,34533672.9,5.181367011,5.181367011,248.5883656,248.5883656,5526.114199,71.96737351,40,,,
'4.44',4,44,34465196,5.194966055,5.194966055,253.7833316,253.7833316,5779.897531,72.02295947,40,,,
'4.45',4,45,34426724.39,5.213234942,5.213234942,258.9965666,258.9965666,6038.894097,72.05418871,40,,,
'4.46',4,46,34718953.32,5.306712995,5.306712995,264.3032795,264.3032795,6303.197377,71.81697257,40,,,
'4.47',4,47,34728020.07,5.333065577,5.333065577,269.6363451,269.6363451,6572.833722,71.80961266,40,,,
'4.48',4,48,34768340.05,5.364489365,5.364489365,275.0008345,275.0008345,6847.834557,71.77688301,40,,,
'4.49',4,49,34839999.13,5.401069908,5.401069908,280.4019044,280.4019044,7128.236461,71.71871393,40,,,
'4.50',4,50,34943041.78,5.442887941,5.442887941,285.8447923,285.8447923,7414.081253,71.6350693,40,,,
'4.51',4,51,35077477.9,5.490020331,5.490020331,291.3348127,291.3348127,7705.416066,71.5259411,40,,,
'4.52',4,52,35243288.88,5.542540947,5.542540947,296.8773536,296.8773536,8002.29342,71.39134444,40,,,
'4.53',4,53,35440433.05,5.600521444,5.600521444,302.4778751,302.4778751,8304.771295,71.23131312,40,,,
'4.54',4,54,35668850.41,5.664031959,5.664031959,308.141907,308.141907,8612.913202,71.04589588,40,,,
'4.55',4,55,35928466.54,5.733141699,5.733141699,313.8750487,313.8750487,8926.78825,70.8351531,40,,,
'4.56',4,56,36219195.91,5.807919449,5.807919449,319.6829682,319.6829682,9246.471219,70.59915424,40,,,
'4.57',4,57,36540944.33,5.888433959,5.888433959,325.5714021,325.5714021,9572.042621,70.33797572,40,,,
'4.58',4,58,36893610.82,5.974754238,5.974754238,331.5461564,331.5461564,9903.588777,70.05169954,40,,,
'4.59',4,59,37277088.59,6.06694973,6.06694973,337.6131061,337.6131061,10241.20188,69.74041238,40,,,
'4.60',4,60,37691265.41,6.165090382,6.165090382,343.7781965,343.7781965,10584.98008,69.40420533,40,,,
'4.61',4,61,38136023.25,6.26924659,6.26924659,350.0474431,350.0474431,10935.02752,69.04317422,40,,,
'4.62',4,62,38611237.09,6.379489027,6.379489027,356.4269321,356.4269321,11291.45445,68.65742052,40,,,
'4.63',4,63,39116773.14,6.495888343,6.495888343,362.9228204,362.9228204,11654.37728,68.24705284,40,,,
'4.64',4,64,39836936.84,6.649301937,6.649301937,369.5721224,369.5721224,12023.9494,67.66246167,40,,,
'4.65',4,65,40640213.98,6.818236181,6.818236181,376.3903586,376.3903586,12400.33976,67.01040338,40,,,
'4.66',4,66,41451916.17,6.990336329,6.990336329,383.3806949,383.3806949,12783.72045,66.35150606,40,,,
'4.67',4,67,42271874.51,7.165623065,7.165623065,390.5463179,390.5463179,13174.26677,65.68590684,40,,,
'4.68',4,68,43099861.89,7.344107579,7.344107579,397.8904255,397.8904255,13572.15719,65.01379006,40,,,
'4.69',4,69,43935592.9,7.525791316,7.525791316,405.4162168,405.4162168,13977.57341,64.3353874,40,,,
'4.70',4,70,44778723.92,7.710665722,7.710665722,413.1268826,413.1268826,14390.70029,63.65097781,40,,,
'4.71',4,71,45628853.26,7.898712016,7.898712016,421.0255946,421.0255946,14811.72589,62.96088735,40,,,
'4.72',4,72,46485521.61,8.089900982,8.089900982,429.1154956,429.1154956,15240.84138,62.26548887,40,,,
'4.73',4,73,47348212.61,8.284192802,8.284192802,437.3996884,437.3996884,15678.24107,61.56520151,40,,,
'4.74',4,74,48216353.8,8.481536928,8.481536928,445.8812253,445.8812253,16124.1223,60.86048997,40,,,
'4.75',4,75,49089317.82,8.681872008,8.681872008,454.5630973,454.5630973,16578.6854,60.15186351,40,,,
'4.76',4,76,49966424,8.885125875,8.885125875,463.4482232,463.4482232,17042.13362,59.43987467,40,,,
'4.77',4,77,50846940.33,9.091215599,9.091215599,472.5394388,472.5394388,17514.67306,58.72511764,40,,,
'4.78',4,78,51730085.87,9.300047631,9.300047631,481.8394864,481.8394864,17996.51254,58.00822636,40,,,
'4.79',4,79,52615033.61,9.511518018,9.511518018,491.3510044,491.3510044,18487.86355,57.28987214,40,,,
'4.80',4,80,53500913.81,9.725512726,9.725512726,501.0765171,501.0765171,18988.94006,56.570761,40,,,
'4.81',4,81,54386817.81,9.94190805,9.94190805,511.0184252,511.0184252,19499.95849,55.85163055,40,,,
'4.82',4,82,56708079.76,10.48362807,10.48362807,537.7403401,537.7403401,20442.70564,53.96735171,80,,,
'4.83',4,83,56154894.46,10.38136065,10.38136065,531.560357,531.560357,20552.69784,54.41639855,40,,,
'4.84',4,84,57035096.65,10.60412746,10.60412746,542.1644845,542.1644845,21094.86233,53.70189652,40,,,
'4.85',4,85,57911392.84,10.82871552,10.82871552,552.9932,552.9932,21647.85553,52.99056518,40,,,
'4.86',4,86,58782754.5,11.0549629,11.0549629,564.0481629,564.0481629,22211.90369,52.28323944,40,,,
'4.87',4,87,59648147.28,11.28270277,11.28270277,575.3308656,575.3308656,22787.23456,51.58075892,40,,,
'4.88',4,88,60506538.05,11.51176467,11.51176467,586.8426303,586.8426303,23374.07719,50.88396226,40,,,
'4.89',4,89,61356902.08,11.74197574,11.74197574,598.5846061,598.5846061,23972.66179,50.19368129,40,,,
'4.90',4,90,62198230.57,11.97316212,11.97316212,610.5577682,610.5577682,24583.21956,49.5107349,40,,,
'4.91',4,91,63029538.22,12.20515036,12.20515036,622.7629185,622.7629185,25205.98248,48.8359229,40,,,
'4.92',4,92,63849870.9,12.43776895,12.43776895,635.2006875,635.2006875,25841.18317,48.17001981,40,,,
'4.93',4,93,64814557.37,12.70146845,12.70146845,647.9021559,647.9021559,26489.08532,47.38693787,40,,,
'4.94',4,94,65663536.59,12.94554095,12.94554095,660.8476969,660.8476969,27149.93302,46.69778102,40,,,
'4.95',4,95,66485242.37,13.18716936,13.18716936,674.0348662,674.0348662,27823.96789,46.03076331,40,,,
'4.96',4,96,67280414.13,13.42645643,13.42645643,687.4613227,687.4613227,28511.42921,45.38528453,40,,,
'4.97',4,97,68049786.14,13.66350638,13.66350638,701.1248291,701.1248291,29212.55404,44.76074864,40,,,
'4.98',4,98,68794093.84,13.89842627,13.89842627,715.0232553,715.0232553,29927.57729,44.15655865,40,,,
'4.99',4,99,69514078.53,14.131327,14.131327,729.1545823,729.1545823,30656.73188,43.57211279,40,,,
'4.100',4,100,70210490.54,14.36232412,14.36232412,743.5169064,743.5169064,31400.24878,43.00680201,40,,,
'4.101',4,101,70884091.12,14.59153832,14.59153832,758.1084448,758.1084448,32158.35723,42.46000835,40,,,
'4.102',4,102,71535653.22,14.81909579,14.81909579,772.9275406,772.9275406,32931.28477,41.93110436,40,,,
'4.103',4,103,72165961.36,15.04512834,15.04512834,787.9726689,787.9726689,33719.25744,41.41945324,40,,,
'4.104',4,104,72775810.61,15.26977339,15.26977339,803.2424423,803.2424423,34522.49988,40.92440956,40,,,
'4.105',4,105,73366005.02,15.49317383,15.49317383,818.7356161,818.7356161,35341.23549,40.44532067,40,,,
'4.106',4,106,73937355.42,15.71547768,15.71547768,834.4510938,834.4510938,36175.68659,39.98152835,40,,,
'4.107',4,107,74490676.94,15.93683778,15.93683778,850.3879316,850.3879316,37026.07452,39.53237092,40,,,
'4.108',4,108,75026786.17,16.15741131,16.15741131,866.5453429,866.5453429,37892.61986,39.09718553,40,,,
'4.109',4,109,75546498.17,16.3773593,16.3773593,882.9227022,882.9227022,38775.54257,38.67531056,40,,,
'4.110',4,110,76050623.39,16.59684607,16.59684607,899.5195483,899.5195483,39675.06211,38.26608812,40,,,
'4.111',4,111,76539964.6,16.81603868,16.81603868,916.3355869,916.3355869,40591.3977,37.86886656,40,,,
'4.112',4,112,77015313.9,17.03510636,17.03510636,933.3706933,933.3706933,41524.76839,37.4830029,40,,,
'4.113',4,113,77477449.84,17.25421993,17.25421993,950.6249132,950.6249132,42475.39331,37.10786516,40,,,
'4.114',4,114,77927134.72,17.47355127,17.47355127,968.0984645,968.0984645,43443.49177,36.74283452,40,,,
'4.115',4,115,78365112.16,17.69327279,17.69327279,985.7917373,985.7917373,44429.28351,36.38730739,40,,,
'4.116',4,116,78792104.82,17.91355695,17.91355695,1003.705294,1003.705294,45432.9888,36.04069712,40,,,
'4.117',4,117,79208812.49,18.13457579,18.13457579,1021.83987,1021.83987,46454.82867,35.70243565,40,,,
'4.118',4,118,79615910.44,18.35650056,18.35650056,1040.196371,1040.196371,47495.02504,35.37197487,40,,,
'4.119',4,119,80014047.97,18.57950137,18.57950137,1058.775872,1058.775872,48553.80092,35.04878768,40,,,
'4.120',4,120,80403847.39,18.80374689,18.80374689,1077.579619,1077.579619,49631.38053,34.73236893,40,,,
'4.121',4,121,80785903.14,19.02940406,19.02940406,1096.609023,1096.609023,50727.98956,34.42223609,40,,,
'4.122',4,122,81106309.15,19.24371362,19.24371362,1123.29121,1123.29121,50261.45122,34.16214728,120,,,
'4.123',4,123,81529019.22,19.4856117,19.4856117,1135.351273,1135.351273,52979.20649,33.81901339,40,,,
'4.124',4,124,81891125.54,19.71648617,19.71648617,1155.067759,1155.067759,54134.27425,33.52507445,40,,,
'4.125',4,125,82247580.26,19.94942019,19.94942019,1175.017179,1175.017179,55309.29143,33.23572318,40,,,
'4.126',4,126,82598835.14,20.18457039,20.18457039,1195.201749,1195.201749,56504.49318,32.95059287,40,,,
'4.127',4,127,82945314.18,20.4220913,20.4220913,1215.623841,1215.623841,57720.11702,32.66933933,40,,,
'4.128',4,128,83287414.31,20.66213544,20.66213544,1236.285976,1236.285976,58956.40299,32.39164037,40,,,
'4.129',4,129,83625506.15,20.90485341,20.90485341,1257.190829,1257.190829,60213.59382,32.11719513,40,,,
'4.130',4,130,83959934.92,21.15039407,21.15039407,1278.341224,1278.341224,61491.93505,31.84572337,40,,,
'4.131',4,131,84291021.4,21.3989047,21.3989047,1299.740128,1299.740128,62791.67518,31.57696471,40,,,
'4.132',4,132,84619063.02,21.65053121,21.65053121,1321.390659,1321.390659,64113.06583,31.31067772,40,,,
'4.133',4,133,84944334.87,21.9054184,21.9054184,1343.296078,1343.296078,65456.36191,31.04663906,40,,,
'4.134',4,134,85267090.92,22.16371014,22.16371014,1365.459788,1365.459788,66821.8217,30.78464261,40,,,
'4.135',4,135,85587565.09,22.42554969,22.42554969,1387.885338,1387.885338,68209.70704,30.52449847,40,,,
'4.136',4,136,85905972.42,22.69107997,22.69107997,1410.576418,1410.576418,69620.28346,30.26603208,40,,,
'4.137',4,137,86222510.22,22.96044382,22.96044382,1433.536861,1433.536861,71053.82032,30.00908328,40,,,
'4.138',4,138,86537359.17,23.23378433,23.23378433,1456.770646,1456.770646,72510.59096,29.75350539,40,,,
'4.139',4,139,86850684.46,23.51124512,23.51124512,1480.281891,1480.281891,73990.87285,29.49916434,40,,,
'4.140',4,140,87162636.79,23.79297069,23.79297069,1504.074862,1504.074862,75494.94772,29.24593778,40,,,
'4.141',4,141,87473353.46,24.0791067,24.0791067,1528.153968,1528.153968,77023.10168,28.99371426,40,,,
'4.142',4,142,87782959.36,24.36980032,24.36980032,1552.523769,1552.523769,78575.62545,28.74239242,40,,,
'4.143',4,143,88091567.86,24.66520056,24.66520056,1577.188969,1577.188969,80152.81442,28.4918802,40,,,
'4.144',4,144,88399281.76,24.96545858,24.96545858,1602.154428,1602.154428,81754.96885,28.24209418,40,,,
'4.145',4,145,88706194.13,25.27072805,25.27072805,1627.425156,1627.425156,83382.39401,27.9929588,40,,,
'4.146',4,146,89012389.08,25.5811655,25.5811655,1653.006321,1653.006321,85035.40033,27.74440577,40,,,
'4.147',4,147,89317942.58,25.89693061,25.89693061,1678.903252,1678.903252,86714.30358,27.49637345,40,,,
'4.148',4,148,89622923.08,26.21818664,26.21818664,1705.121439,1705.121439,88419.42502,27.24880626,40,,,
'4.149',4,149,89927392.22,26.5451007,26.5451007,1731.666539,1731.666539,90151.09156,27.00165416,40,,,
'4.150',4,150,90231405.44,26.87784417,26.87784417,1758.544383,1758.544383,91909.63594,26.75487216,40,,,
'4.151',4,151,90535012.52,27.21659304,27.21659304,1785.760976,1785.760976,93695.39692,26.50841984,40,,,
'4.152',4,152,90838258.12,27.56152829,27.56152829,1813.322505,1813.322505,95508.71942,26.26226094,40,,,
'4.153',4,153,91141182.27,27.91283626,27.91283626,1841.235341,1841.235341,97349.95476,26.01636299,40,,,
'4.154',4,154,91443820.79,28.27070906,28.27070906,1869.50605,1869.50605,99219.46081,25.7706969,40,,,
'4.155',4,155,91746205.7,28.63534496,28.63534496,1898.141395,1898.141395,101117.6022,25.52523667,40,,,
'4.156',4,156,92048365.61,29.00694881,29.00694881,1927.148344,1927.148344,103044.7506,25.27995908,40,,,
'4.157',4,157,92350326.06,29.38573245,29.38573245,1956.534076,1956.534076,105001.2846,25.03484341,40,,,
'4.158',4,158,92652109.8,29.77191519,29.77191519,1986.305991,1986.305991,106987.5906,24.78987118,40,,,
'4.159',4,159,92953737.1,30.16572423,30.16572423,2016.471716,2016.471716,109004.0623,24.54502593,40,,,
'4.160',4,160,93255226.01,30.5673952,30.5673952,2047.039111,2047.039111,111051.1014,24.30029303,40,,,
'4.161',4,161,93556592.56,30.97717257,30.97717257,2078.016283,2078.016283,113129.1177,24.05565945,40,,,
'4.162',4,162,93857851.01,31.39531029,31.39531029,2109.411594,2109.411594,115238.5293,23.81111363,40,,,
'4.163',4,163,94159013.99,31.82207223,31.82207223,2141.233666,2141.233666,117379.763,23.5666453,40,,,
'4.164',4,164,94460092.72,32.25773286,32.25773286,2173.491399,2173.491399,119553.2544,23.32224536,40,,,
'4.165',4,165,94761097.15,32.70257777,32.70257777,2206.193977,2206.193977,121759.4484,23.07790573,40,,,
'4.166',4,166,95062036.08,33.15690438,33.15690438,2239.350881,2239.350881,123998.7992,22.83361927,40,,,
'4.167',4,167,95362917.31,33.62102261,33.62102261,2272.971904,2272.971904,126271.7711,22.58937966,40,,,
'4.168',4,168,95663747.72,34.09525558,34.09525558,2307.067159,2307.067159,128578.8383,22.34518129,40,,,
'4.169',4,169,95964533.41,34.57994036,34.57994036,2341.6471,2341.6471,130920.4854,22.10101922,40,,,
'4.170',4,170,96265279.76,35.07542886,35.07542886,2376.722528,2376.722528,133297.2079,21.85688909,40,,,
'4.171',4,171,96565991.51,35.58208861,35.58208861,2412.304617,2412.304617,135709.5126,21.61278705,40,,,
'4.172',4,172,96866672.86,36.10030371,36.10030371,2448.404921,2448.404921,138157.9175,21.36870968,40,,,
'4.173',4,173,97167327.5,36.63047583,36.63047583,2485.035397,2485.035397,140642.9529,21.124654,40,,,
'4.174',4,174,97467958.68,37.17302524,37.17302524,2522.208422,2522.208422,143165.1613,20.88061735,40,,,
'4.175',4,175,97768569.28,37.7283919,37.7283919,2559.936814,2559.936814,145725.0981,20.63659742,40,,,
'4.176',4,176,98069161.81,38.29703673,38.29703673,2598.23385,2598.23385,148323.332,20.39259215,40,,,
'4.177',4,177,98369738.5,38.87944282,38.87944282,2637.113293,2637.113293,150960.4453,20.14859974,40,,,
'4.178',4,178,98670301.3,39.47611683,39.47611683,2676.58941,2676.58941,153637.0347,19.9046186,40,,,
'4.179',4,179,98970851.92,40.08759049,40.08759049,2716.677001,2716.677001,156353.7117,19.66064735,40,,,
'4.180',4,180,99271391.88,40.71442214,40.71442214,2757.391423,2757.391423,159111.1031,19.41668476,40,,,
'4.181',4,181,99571922.5,41.35719845,41.35719845,2798.748621,2798.748621,161909.8517,19.17272975,40,,,
'4.182',4,182,99872444.94,42.01653629,42.01653629,2840.765158,2840.765158,164750.6169,18.92878137,40,,,
'4.183',4,183,100172960.2,42.69308466,42.69308466,2883.458242,2883.458242,167634.0751,18.68483881,40,,,
'4.184',4,184,100473469.2,43.38752684,43.38752684,2926.845769,2926.845769,170560.9209,18.44090134,40,,,
'4.185',4,185,100773972.8,44.10058269,44.10058269,2970.946352,2970.946352,173531.8672,18.19696831,40,,,
'4.186',4,186,101074471.5,44.83301118,44.83301118,3015.779363,3015.779363,176547.6466,17.95303917,40,,,
'4.187',4,187,101374966.1,45.585613,45.585613,3061.364976,3061.364976,179609.0116,17.70911343,40,,,
'4.188',4,188,101675457,46.35923358,46.35923358,3107.724209,3107.724209,182716.7358,17.46519066,40,,,
'5.60',5,60,38481879.04,6.263032723,6.263032723,342.7584411,342.7584411,10545.36082,68.76242661,60,1.30861E+14,1.30861E+14,32487400
'5.63',5,63,38581800.24,6.407048596,6.407048596,365.7910137,365.7910137,11623.63436,68.68131581,60,,,
'5.64',5,64,39314754.76,6.562142969,6.562142969,372.3531567,372.3531567,11995.98752,68.08634173,60,,,
'5.65',5,65,40158217.28,6.737371268,6.737371268,379.090528,379.090528,12375.07804,67.40166305,60,,,
'5.66',5,66,41007393.29,6.915373223,6.915373223,386.0059012,386.0059012,12761.08394,66.71234644,60,,,
'5.67',5,67,42162776.85,7.184430656,7.184430656,393.1903318,393.1903318,13154.27428,65.7744666,60,,,
'5.68',5,68,43013109.18,7.367777743,7.367777743,400.5581096,400.5581096,13554.83239,65.08421137,60,,,
'5.69',5,69,43870232,7.554228091,7.554228091,408.1123377,408.1123377,13962.94472,64.38844396,60,,,
'5.70',5,70,44733872.21,7.743783784,7.743783784,415.8561215,415.8561215,14378.80085,63.68738608,60,,,
'5.71',5,71,45603690.95,7.936435504,7.936435504,423.792557,423.792557,14802.5934,62.9813128,60,,,
'5.72',5,72,46479284.51,8.132162398,8.132162398,431.9247194,431.9247194,15234.51812,62.27055181,60,,,
'5.73',5,73,47360185.58,8.33093196,8.33093196,440.2556513,440.2556513,15674.77377,61.55548248,60,,,
'5.74',5,74,48245864.53,8.532699971,8.532699971,448.7883513,448.7883513,16123.56212,60.83653471,60,,,
'5.75',5,75,49135731.15,8.737410469,8.737410469,457.5257618,457.5257618,16581.08789,60.11418761,60,,,
'5.76',5,76,50029136.63,8.944995793,8.944995793,466.4707576,466.4707576,17047.55864,59.38896784,60,,,
'5.77',5,77,50925375.95,9.155376682,9.155376682,475.6261342,475.6261342,17523.18478,58.66144771,60,,,
'5.78',5,78,51823690.67,9.368462467,9.368462467,484.9945967,484.9945967,18008.17937,57.93224288,60,,,
'5.79',5,79,52723272.18,9.584151335,9.584151335,494.578748,494.578748,18502.75812,57.20200974,60,,,
'5.80',5,80,53623265.38,9.802330697,9.802330697,504.3810787,504.3810787,19007.1392,56.47144241,60,,,
'5.81',5,81,54522772.87,10.02287765,10.02287765,514.4039564,514.4039564,19521.54316,55.74126936,60,,,
'5.82',5,82,55420859.67,10.24565957,10.24565957,524.649616,524.649616,20046.19277,55.01224954,60,,,
'5.83',5,83,56316558.4,10.47053478,10.47053478,535.1201507,535.1201507,20581.31292,54.28516824,60,,,
'5.84',5,84,57208874.93,10.69735334,10.69735334,545.8175041,545.8175041,21127.13043,53.56083242,60,,,
'5.85',5,85,58096794.57,10.92595803,10.92595803,556.7434621,556.7434621,21683.87389,52.84006578,60,,,
'5.86',5,86,58979288.63,11.15618529,11.15618529,567.8996474,567.8996474,22251.77354,52.12370333,60,,,
'5.87',5,87,59855321.44,11.38786645,11.38786645,579.2875139,579.2875139,22831.06105,51.41258579,60,,,
'5.88',5,88,60723857.66,11.62082895,11.62082895,590.9083428,590.9083428,23421.96939,50.70755359,60,,,
'5.89',5,89,61583869.92,11.85489767,11.85489767,602.7632405,602.7632405,24024.73263,50.00944069,60,,,
'5.90',5,90,62434346.61,12.08989641,12.08989641,614.8531369,614.8531369,24639.58577,49.31906827,60,,,
'5.91',5,91,63274299.86,12.32564939,12.32564939,627.1787863,627.1787863,25266.76456,48.63723823,60,,,
'5.92',5,92,64102773.43,12.56198279,12.56198279,639.7407691,639.7407691,25906.50533,47.96472678,60,,,
'5.93',5,93,65082644.08,12.83101821,12.83101821,652.5717873,652.5717873,26559.07711,47.16931913,60,,,
'5.94',5,94,65938110.15,13.07864716,13.07864716,665.6504344,665.6504344,27224.72755,46.47489658,60,,,
'5.95',5,95,66765662.9,13.32373285,13.32373285,678.9741673,678.9741673,27903.70172,45.80313262,60,,,
'5.96',5,96,67566081.56,13.56638483,13.56638483,692.5405521,692.5405521,28596.24227,45.15339468,60,,,
'5.97',5,97,68340138.38,13.80671394,13.80671394,706.347266,706.347266,29302.58953,44.52505591,60,,,
'5.98',5,98,69088605.22,14.0448337,14.0448337,720.3920997,720.3920997,30022.98163,43.91748974,60,,,
'5.99',5,99,69812258.44,14.28086139,14.28086139,734.6729611,734.6729611,30757.6546,43.33006596,60,,,
'5.100',5,100,70511882.26,14.51491888,14.51491888,749.18788,749.18788,31506.84248,42.762148,60,,,
'5.101',5,101,71188270.68,14.74713314,14.74713314,763.9350131,763.9350131,32270.77749,42.21309131,60,,,
'5.102',5,102,71842228.4,14.97763663,14.97763663,778.9126498,778.9126498,33049.69014,41.68224269,60,,,
'5.103',5,103,71789068.7,14.87159252,14.87159252,796.4840108,796.4840108,33757.53299,41.72539496,100,,,
'5.104',5,104,73086122.12,15.43406915,15.43406915,809.5532863,809.5532863,34653.36264,40.67251494,60,,,
'5.105',5,105,73677715.49,15.66029089,15.66029089,825.2135772,825.2135772,35478.57622,40.19229043,60,,,
'5.106',5,106,74250189.12,15.88538684,15.88538684,841.0989641,841.0989641,36319.67518,39.72758634,60,,,
'5.107',5,107,74804384.47,16.10951594,16.10951594,857.20848,857.20848,37176.88366,39.27771958,60,,,
'5.108',5,108,75341143.3,16.33284141,16.33284141,873.5413214,873.5413214,38050.42498,38.84200689,60,,,
'5.109',5,109,75861304.58,16.55553023,16.55553023,890.0968517,890.0968517,38940.52184,38.41976721,60,,,
'5.110',5,110,76365701.42,16.77775258,16.77775258,906.8746042,906.8746042,39847.39644,38.01032428,60,,,
'5.111',5,111,77096024.33,17.05295879,17.05295879,923.927563,923.927563,40771.324,37.4174864,60,,,
'5.112',5,112,77551633.29,17.27074057,17.27074057,941.1983036,941.1983036,41712.52231,37.04764692,60,,,
'5.113',5,113,77995264.97,17.48882807,17.48882807,958.6871317,958.6871317,42671.20944,36.68752995,60,,,
'5.114',5,114,78427631.53,17.70738842,17.70738842,976.3945201,976.3945201,43647.60396,36.33655743,60,,,
'5.115',5,115,78849426.48,17.92658915,17.92658915,994.3211092,994.3211092,44641.92507,35.99416639,60,,,
'5.116',5,116,79261322.48,18.14659776,18.14659776,1012.467707,1012.467707,45654.39277,35.6598108,60,,,
'5.117',5,117,79663969.46,18.3675812,18.3675812,1030.835288,1030.835288,46685.22806,35.33296307,60,,,
'5.118',5,118,80057993.06,18.58970556,18.58970556,1049.424994,1049.424994,47734.65306,35.01311536,60,,,
'5.119',5,119,80443993.37,18.81313568,18.81313568,1068.238129,1068.238129,48802.89119,34.69978053,60,,,
'5.120',5,120,80822543.98,19.03803494,19.03803494,1087.276164,1087.276164,49890.16735,34.39249298,60,,,
'5.121',5,121,81194191.3,19.26456501,19.26456501,1106.540729,1106.540729,50996.70808,34.09080915,60,,,
'5.122',5,122,81559454.22,19.49288573,19.49288573,1126.033615,1126.033615,52122.7417,33.79430785,60,,,
'5.123',5,123,81482828.5,19.47457202,19.47457202,1142.765782,1142.765782,51404.217,33.85650859,120,,,
'5.124',5,124,82272763.94,19.95552857,19.95552857,1165.712299,1165.712299,54434.21076,33.21528039,60,,,
'5.125',5,125,82621710.53,20.19016042,20.19016042,1185.902459,1185.902459,55620.11322,32.93202383,60,,,
'5.126',5,126,82966073.05,20.42720238,20.42720238,1206.329661,1206.329661,56826.44288,32.65248837,60,,,
'5.127',5,127,83306234.63,20.66680443,20.66680443,1226.996466,1226.996466,58053.43935,32.37636302,60,,,
'5.128',5,128,83642552.89,20.90911478,20.90911478,1247.905581,1247.905581,59301.34493,32.10335748,60,,,
'5.129',5,129,83975360.79,21.15428001,21.15428001,1269.059861,1269.059861,60570.40479,31.83320146,60,,,
'5.130',5,130,84304967.62,21.40244521,21.40244521,1290.462306,1290.462306,61860.8671,31.5656439,60,,,
'5.131',5,131,84631659.99,21.65375426,21.65375426,1312.11606,1312.11606,63172.98316,31.30045215,60,,,
'5.132',5,132,84955702.86,21.90834997,21.90834997,1334.02441,1334.02441,64507.00757,31.03741112,60,,,
'5.133',5,133,85277340.7,22.16637439,22.16637439,1356.190784,1356.190784,65863.19835,30.77632238,60,,,
'5.134',5,134,85596798.54,22.42796903,22.42796903,1378.618754,1378.618754,67241.81711,30.51700324,60,,,
'5.135',5,135,85914283.14,22.69327515,22.69327515,1401.312029,1401.312029,68643.12913,30.25928588,60,,,
'5.136',5,136,86229984.06,22.96243405,22.96243405,1424.274463,1424.274463,70067.4036,30.0030164,60,,,
'5.137',5,137,86544074.81,23.23558736,23.23558736,1447.51005,1447.51005,71514.91365,29.74805399,60,,,
'5.138',5,138,86856713.86,23.51287734,23.51287734,1471.022927,1471.022927,72985.93657,29.49426999,60,,,
'5.139',5,139,87168045.72,23.79444718,23.79444718,1494.817375,1494.817375,74480.75395,29.24154709,60,,,
'5.140',5,140,87478201.97,24.08044137,24.08044137,1518.897816,1518.897816,75999.65177,28.9897785,60,,,
'5.141',5,141,87787302.14,24.37100594,24.37100594,1543.268822,1543.268822,77542.92059,28.73886717,60,,,
'5.142',5,142,88095454.73,24.66628886,24.66628886,1567.935111,1567.935111,79110.8557,28.48872505,60,,,
'5.143',5,143,88402758.01,24.96644033,24.96644033,1592.901551,1592.901551,80703.75725,28.23927234,60,,,
'5.144',5,144,88709300.89,25.27161311,25.27161311,1618.173164,1618.173164,82321.93041,27.99043689,60,,,
'5.145',5,145,89015163.66,25.58196288,25.58196288,1643.755127,1643.755127,83965.68554,27.74215351,60,,,
'5.146',5,146,89320418.79,25.89764857,25.89764857,1669.652776,1669.652776,85635.33832,27.4943634,60,,,
'5.147',5,147,89625131.51,26.21883269,26.21883269,1695.871608,1695.871608,87331.20992,27.24701358,60,,,
'5.148',5,148,89929360.53,26.54568171,26.54568171,1722.41729,1722.41729,89053.62721,27.00005639,60,,,
'5.149',5,149,90233158.62,26.8783664,26.8783664,1749.295656,1749.295656,90802.92287,26.75344902,60,,,
'5.150',5,150,90536573.1,27.21706218,27.21706218,1776.512719,1776.512719,92579.43559,26.50715304,60,,,
'5.151',5,151,90839646.42,27.56194951,27.56194951,1804.074668,1804.074668,94383.51026,26.261134,60,,,
'5.152',5,152,91142416.56,27.91321427,27.91321427,1831.987882,1831.987882,96215.49814,26.01536105,60,,,
'5.153',5,153,91444917.52,28.27104813,28.27104813,1860.258931,1860.258931,98075.75707,25.76980662,60,,,
'5.154',5,154,91747179.66,28.63564895,28.63564895,1888.89458,1888.89458,99964.65165,25.52444606,60,,,
'5.155',5,155,92049230.06,29.00722122,29.00722122,1917.901801,1917.901801,101882.5535,25.27925736,60,,,
'5.156',5,156,92351092.9,29.38597646,29.38597646,1947.287777,1947.287777,103829.8412,25.03422092,60,,,
'5.157',5,157,92652789.71,29.77213366,29.77213366,1977.059911,1977.059911,105806.9011,24.78931926,60,,,
'5.158',5,158,92954339.62,30.16591977,30.16591977,2007.225831,2007.225831,107814.127,24.54453684,60,,,
'5.159',5,159,93255759.69,30.56757013,30.56757013,2037.793401,2037.793401,109851.9204,24.29985982,60,,,
'5.160',5,160,93557065.04,30.97732901,30.97732901,2068.77073,2068.77073,111920.6911,24.05527592,60,,,
'5.161',5,161,93858269.1,31.39545014,31.39545014,2100.16618,2100.16618,114020.8573,23.81077424,60,,,
'5.162',5,162,94159383.8,31.82219722,31.82219722,2131.988377,2131.988377,116152.8457,23.56634511,60,,,
'5.163',5,163,94460419.67,32.25784451,32.25784451,2164.246222,2164.246222,118317.0919,23.32197995,60,,,
'5.164',5,164,94761386.09,32.70267748,32.70267748,2196.948899,2196.948899,120514.0408,23.07767118,60,,,
'5.165',5,165,95062291.33,33.15699341,33.15699341,2230.105893,2230.105893,122744.1467,22.83341208,60,,,
'5.166',5,166,95363142.69,33.62110208,33.62110208,2263.726995,2263.726995,125007.8737,22.5891967,60,,,
'5.167',5,167,95663946.66,34.09532648,34.09532648,2297.822321,2297.822321,127305.696,22.3450198,60,,,
'5.168',5,168,95964708.94,34.58000362,34.58000362,2332.402325,2332.402325,129638.0983,22.10087673,60,,,
'5.169',5,169,96265434.58,35.07548527,35.07548527,2367.47781,2367.47781,132005.5761,21.85676342,60,,,
'5.170',5,170,96566128.01,35.58213891,35.58213891,2403.059949,2403.059949,134408.6361,21.61267624,60,,,
'5.171',5,171,96866793.17,36.10034855,36.10034855,2439.160297,2439.160297,136847.7964,21.36861202,60,,,
'5.172',5,172,97167433.5,36.6305158,36.6305158,2475.790813,2475.790813,139323.5872,21.12456795,60,,,
'5.173',5,173,97468052.05,37.17306085,37.17306085,2512.963874,2512.963874,141836.5511,20.88054156,60,,,
'5.174',5,174,97768651.49,37.72842363,37.72842363,2550.692298,2550.692298,144387.2434,20.63653068,60,,,
'5.175',5,175,98069234.18,38.29706499,38.29706499,2588.989363,2588.989363,146976.2327,20.3925334,60,,,
'5.176',5,176,98369802.18,38.87946799,38.87946799,2627.868831,2627.868831,149604.1015,20.14854804,60,,,
'5.177',5,177,98670357.32,39.47613925,39.47613925,2667.34497,2667.34497,152271.4465,19.90457313,60,,,
'5.178',5,178,98970901.19,40.08761045,40.08761045,2707.43258,2707.43258,154978.8791,19.66060735,60,,,
'5.179',5,179,99271435.2,40.7144399,40.7144399,2748.14702,2748.14702,157727.0261,19.41664959,60,,,
'5.180',5,180,99571960.58,41.35721427,41.35721427,2789.504235,2789.504235,160516.5304,19.17269883,60,,,
'5.181',5,181,99872478.4,42.01655037,42.01655037,2831.520785,2831.520785,163348.0511,18.92875421,60,,,
'5.182',5,182,100172989.6,42.69309719,42.69309719,2874.213882,2874.213882,166222.265,18.68481495,60,,,
'5.183',5,183,100473495.1,43.38753799,43.38753799,2917.60142,2917.60142,169139.8664,18.44088037,60,,,
'5.184',5,184,100773995.5,44.10059262,44.10059262,2961.702013,2961.702013,172101.5685,18.1969499,60,,,
'5.185',5,185,101074491.4,44.83302001,44.83302001,3006.535033,3006.535033,175108.1035,17.95302301,60,,,
'5.186',5,186,101374983.6,45.58562086,45.58562086,3052.120654,3052.120654,178160.2241,17.70909924,60,,,
'5.187',5,187,101675472.3,46.35924057,46.35924057,3098.479894,3098.479894,181258.704,17.46517821,60,,,
'5.188',5,188,101975958.1,47.15477241,47.15477241,3145.634667,3145.634667,184404.3387,17.22125956,60,,,
'5.189',5,189,102276441.4,47.97316095,47.97316095,3193.607828,3193.607828,187597.9465,16.977343,60,,,
'5.190',5,190,102576922.4,48.81540582,48.81540582,3242.423233,3242.423233,190840.3698,16.73342826,60,,,
'5.191',5,191,102877401.5,49.68256575,49.68256575,3292.105799,3292.105799,194132.4756,16.4895151,60,,,
'5.192',5,192,103177878.8,50.57576306,50.57576306,3342.681562,3342.681562,197475.1571,16.24560332,60,,,
'5.193',5,193,103478354.7,51.49618846,51.49618846,3394.177751,3394.177751,200869.3349,16.00169275,60,,,
'5.194',5,194,103778829.3,52.44510639,52.44510639,3446.622857,3446.622857,204315.9577,15.75778324,60,,,
'5.195',5,195,104079302.7,53.42386078,53.42386078,3500.046718,3500.046718,207816.0044,15.51387464,60,,,
'5.196',5,196,104379775.2,54.4338814,54.4338814,3554.480599,3554.480599,211370.485,15.26996683,60,,,
'5.197',5,197,104680246.8,55.47669088,55.47669088,3609.95729,3609.95729,214980.4423,15.02605973,60,,,
'6.80',6,80,54006065.57,9.817340313,9.817340313,506.9593528,506.9593528,18860.71163,56.16070527,80,1.30882E+14,1.30882E+14,65414200
'6.84',6,84,57599624.23,10.70908603,10.70908603,548.4494261,548.4494261,20991.15507,53.24364261,80,,,
'6.85',6,85,58484972.86,10.9359679,10.9359679,559.385394,559.385394,21550.54046,52.52496298,80,,,
'6.86',6,86,59363130.02,11.16411106,11.16411106,570.5495051,570.5495051,22121.08997,51.812121,80,,,
'6.87',6,87,60233099.82,11.39334905,11.39334905,581.9428542,581.9428542,22703.03282,51.10592509,80,,,
'6.88',6,88,61093894.05,11.62351299,11.62351299,593.5663672,593.5663672,23296.59919,50.40717743,80,,,
'6.89',6,89,62245006.02,11.9821664,11.9821664,605.5485335,605.5485335,23902.14772,49.47276504,80,,,
'6.90',6,90,63080758.57,12.21506876,12.21506876,617.7636023,617.7636023,24519.91132,48.7943449,80,,,
'6.91',6,91,63905208.57,12.44854857,12.44854857,630.2121509,630.2121509,25150.12348,48.12509959,80,,,
'6.92',6,92,64866308.06,12.71160984,12.71160984,642.9237607,642.9237607,25793.04724,47.34492937,80,,,
'6.93',6,93,65719952.33,12.95666329,12.95666329,655.880424,655.880424,26448.92766,46.65198567,80,,,
'6.94',6,94,66545577.28,13.19913663,13.19913663,669.0795606,669.0795606,27118.00722,45.98178659,80,,,
'6.95',6,95,67343959.2,13.43913746,13.43913746,682.5186981,682.5186981,27800.52592,45.33370197,80,,,
'6.96',6,96,68115871.34,13.67677542,13.67677542,696.1954735,696.1954735,28496.72139,44.70710414,80,,,
'6.97',6,97,68862089.91,13.91216347,13.91216347,710.107637,710.107637,29206.82903,44.101363,80,,,
'6.98',6,98,69583398.39,14.14541885,14.14541885,724.2530558,724.2530558,29931.08209,43.51584256,80,,,
'6.99',6,99,70280590.42,14.37666382,14.37666382,738.6297197,738.6297197,30669.71181,42.94989859,80,,,
'6.100',6,100,70954471.22,14.60602612,14.60602612,753.2357458,753.2357458,31422.94755,42.40287746,80,,,
'6.101',6,101,71605858.05,14.83363919,14.83363919,768.069385,768.069385,32191.01694,41.87411577,80,,,
'6.102',6,102,72235579.57,15.05964231,15.05964231,783.1290273,783.1290273,32974.14596,41.36294082,80,,,
'6.103',6,103,72844474.58,15.28418042,15.28418042,798.4132077,798.4132077,33772.55917,40.86867175,80,,,
'6.104',6,104,72412948.64,15.09662014,15.09662014,811.5806309,811.5806309,34569.11362,41.21896191,100,,,
'6.105',6,105,74003178.18,15.72946839,15.72946839,829.65008,829.65008,35416.12986,39.92809688,80,,,
'6.106',6,106,74554694.52,15.95053396,15.95053396,845.600614,845.600614,36261.73048,39.4804048,80,,,
'6.107',6,107,75088793.93,16.17076501,16.17076501,861.771379,861.771379,37123.50186,39.04685088,80,,,
'6.108',6,108,75606327.83,16.39032948,16.39032948,878.1617085,878.1617085,38001.66356,38.62674397,80,,,
'6.109',6,109,76108140.83,16.60939834,16.60939834,894.7711068,894.7711068,38896.43467,38.21939847,80,,,
'6.110',6,110,76595067.53,16.82814494,16.82814494,911.5992518,911.5992518,39808.03392,37.82413688,80,,,
'6.111',6,111,77067929.42,17.04674444,17.04674444,928.6459962,928.6459962,40736.67992,37.44029238,80,,,
'6.112',6,112,77527531.89,17.2653732,17.2653732,945.9113694,945.9113694,41682.59129,37.06721116,80,,,
'6.113',6,113,77974661.62,17.4842082,17.4842082,963.3955776,963.3955776,42645.98687,36.70425468,80,,,
'6.114',6,114,78410084,17.70342653,17.70342653,981.0990041,981.0990041,43627.08587,36.3508016,80,,,
'6.115',6,115,78834541.05,17.92320492,17.92320492,999.0222091,999.0222091,44626.10808,36.00624961,80,,,
'6.116',6,116,79248749.48,18.14371922,18.14371922,1017.165928,1017.165928,45643.27401,35.6700169,80,,,
'6.117',6,117,79653399.13,18.36514407,18.36514407,1035.531072,1035.531072,46678.80508,35.34154352,80,,,
'6.118',6,118,80049151.71,18.58765257,18.58765257,1054.118725,1054.118725,47732.9238,35.0202923,80,,,
'6.119',6,119,80436639.84,18.81141593,18.81141593,1072.930141,1072.930141,48805.85395,34.70574974,80,,,
'6.120',6,120,80816466.34,19.03660333,19.03660333,1091.966744,1091.966744,49897.82069,34.39742649,80,,,
'6.121',6,121,81189203.85,19.26338166,19.26338166,1111.230126,1111.230126,51009.05082,34.0948577,80,,,
'6.122',6,122,81555394.7,19.49191549,19.49191549,1130.722041,1130.722041,52139.77286,33.79760315,80,,,
'6.123',6,123,81915550.97,19.72236695,19.72236695,1150.444408,1150.444408,53290.21726,33.50524716,80,,,
'6.124',6,124,81852102.29,19.70709075,19.70709075,1162.472873,1162.472873,52566.68987,33.55675148,120,,,
'6.125',6,125,82619658.96,20.18965908,20.18965908,1190.588963,1190.588963,55651.20553,32.93368918,80,,,
'6.126',6,126,82964487.34,20.42681195,20.42681195,1211.015775,1211.015775,56862.22131,32.65377557,80,,,
'6.127',6,127,83305035.91,20.66650705,20.66650705,1231.682282,1231.682282,58093.90359,32.37733608,80,,,
'6.128',6,128,83641673.6,20.90889498,20.90889498,1252.591177,1252.591177,59346.49477,32.10407124,80,,,
'6.129',6,129,83974743.27,21.15412445,21.15412445,1273.745302,1273.745302,60620.24007,31.83370273,80,,,
'6.130',6,130,84304562.84,21.40234245,21.40234245,1295.147644,1295.147644,61915.38771,31.56597249,80,,,
'6.131',6,131,84631426.42,21.6536945,21.6536945,1316.801338,1316.801338,63232.18905,31.30064175,80,,,
'6.132',6,132,84955605.53,21.90832487,21.90832487,1338.709663,1338.709663,64570.89871,31.03749013,80,,,
'6.133',6,133,85277350.27,22.16637688,22.16637688,1360.87604,1360.87604,65931.77475,30.77631461,80,,,
'6.134',6,134,85596890.54,22.42799313,22.42799313,1383.304033,1383.304033,67315.07879,30.51692856,80,,,
'6.135',6,135,85914437.27,22.69331586,22.69331586,1405.997349,1405.997349,68721.07614,30.25916076,80,,,
'6.136',6,136,86230183.6,22.96248719,22.96248719,1428.959836,1428.959836,70150.03597,30.00285443,80,,,
'6.137',6,137,86544306.09,23.23564946,23.23564946,1452.195486,1452.195486,71602.23146,29.74786625,80,,,
'6.138',6,138,86856965.8,23.51294554,23.51294554,1475.708431,1475.708431,73077.93989,29.49406548,80,,,
'6.139',6,139,87168309.42,23.79451916,23.79451916,1499.502951,1499.502951,74577.44284,29.24133303,80,,,
'6.140',6,140,87478470.36,24.08051525,24.08051525,1523.583466,1523.583466,76101.02631,28.98956063,80,,,
'6.141',6,141,87787569.71,24.37108022,24.37108022,1547.954546,1547.954546,77648.98085,28.73864997,80,,,
'6.142',6,142,88095717.23,24.66636236,24.66636236,1572.620908,1572.620908,79221.60176,28.48851196,80,,,
'6.143',6,143,88403012.26,24.96651213,24.96651213,1597.587421,1597.587421,80819.18918,28.23906595,80,,,
'6.144',6,144,88709544.58,25.27168253,25.27168253,1622.859103,1622.859103,82442.04828,27.99023908,80,,,
'6.145',6,145,89015395.2,25.58202942,25.58202942,1648.441132,1648.441132,84090.48942,27.74196557,80,,,
'6.146',6,146,89320637.12,25.89771187,25.89771187,1674.338844,1674.338844,85764.82826,27.49418616,80,,,
'6.147',6,147,89625336.08,26.21889254,26.21889254,1700.557737,1700.557737,87465.386,27.24684751,80,,,
'6.148',6,148,89929551.14,26.54573798,26.54573798,1727.103475,1727.103475,89192.48947,26.99990166,80,,,
'6.149',6,149,90233335.33,26.87841904,26.87841904,1753.981894,1753.981894,90946.47137,26.75330557,80,,,
'6.150',6,150,90536736.21,27.21711122,27.21711122,1781.199005,1781.199005,92727.67037,26.50702063,80,,,
'6.151',6,151,90839796.38,27.56199502,27.56199502,1808.761,1808.761,94536.43137,26.26101226,80,,,
'6.152',6,152,91142553.95,27.91325635,27.91325635,1836.674256,1836.674256,96373.10563,26.01524953,80,,,
'6.153',6,153,91445042.98,28.27108691,28.27108691,1864.945343,1864.945343,98238.05097,25.76970479,80,,,
'6.154',6,154,91747293.88,28.6356846,28.6356846,1893.581028,1893.581028,100131.632,25.52435334,80,,,
'6.155',6,155,92049333.77,29.0072539,29.0072539,1922.588282,1922.588282,102054.2203,25.27917318,80,,,
'6.156',6,156,92351186.83,29.38600635,29.38600635,1951.974288,1951.974288,104006.1946,25.03414467,80,,,
'6.157',6,157,92652874.58,29.77216093,29.77216093,1981.746449,1981.746449,105987.941,24.78925037,80,,,
'6.158',6,158,92954416.15,30.1659446,30.1659446,2011.912394,2011.912394,107999.8534,24.54447471,80,,,
'6.159',6,159,93255828.56,30.5675927,30.5675927,2042.479986,2042.479986,110042.3334,24.29980392,80,,,
'6.160',6,160,93557126.89,30.97734949,30.97734949,2073.457336,2073.457336,112115.7907,24.05522571,80,,,
'6.161',6,161,93858324.56,31.39546869,31.39546869,2104.852805,2104.852805,114220.6435,23.81072922,80,,,
'6.162',6,162,94159433.44,31.82221399,31.82221399,2136.675019,2136.675019,116357.3186,23.56630481,80,,,
'6.163',6,163,94460464.04,32.25785966,32.25785966,2168.932878,2168.932878,118526.2514,23.32194394,80,,,
'6.164',6,164,94761425.69,32.70269115,32.70269115,2201.635569,2201.635569,120727.887,23.07763904,80,,,
'6.165',6,165,95062326.61,33.15700572,33.15700572,2234.792575,2234.792575,122962.6796,22.83338343,80,,,
'6.166',6,166,95363174.1,33.62111315,33.62111315,2268.413688,2268.413688,125231.0933,22.58917121,80,,,
'6.167',6,167,95663974.58,34.09533643,34.09533643,2302.509025,2302.509025,127533.6023,22.34499713,80,,,
'6.168',6,168,95964733.73,34.58001255,34.58001255,2337.089037,2337.089037,129870.6913,22.10085661,80,,,
'6.169',6,169,96265456.56,35.07549328,35.07549328,2372.164531,2372.164531,132242.8559,21.85674557,80,,,
'6.170',6,170,96566147.49,35.58214609,35.58214609,2407.746677,2407.746677,134650.6025,21.61266043,80,,,
'6.171',6,171,96866810.41,36.10035498,36.10035498,2443.847032,2443.847032,137094.4496,21.36859802,80,,,
'6.172',6,172,97167448.74,36.63052154,36.63052154,2480.477553,2480.477553,139574.9271,21.12455557,80,,,
'6.173',6,173,97468065.51,37.17306598,37.17306598,2517.650619,2517.650619,142092.5777,20.88053063,80,,,
'6.174',6,174,97768663.37,37.72842822,37.72842822,2555.379047,2555.379047,144647.9568,20.63652103,80,,,
'6.175',6,175,98069244.66,38.29706909,38.29706909,2593.676116,2593.676116,147241.6329,20.3925249,80,,,
'6.176',6,176,98369811.41,38.87947164,38.87947164,2632.555588,2632.555588,149874.1885,20.14854055,80,,,
'6.177',6,177,98670365.45,39.4761425,39.4761425,2672.031731,2672.031731,152546.2202,19.90456653,80,,,
'6.178',6,178,98970908.34,40.08761334,40.08761334,2712.119344,2712.119344,155258.3396,19.66060155,80,,,
'6.179',6,179,99271441.49,40.71444248,40.71444248,2752.833786,2752.833786,158011.1734,19.41664449,80,,,
'6.180',6,180,99571966.1,41.35721656,41.35721656,2794.191003,2794.191003,160805.3644,19.17269435,80,,,
'6.181',6,181,99872483.25,42.01655241,42.01655241,2836.207555,2836.207555,163641.5719,18.92875027,80,,,
'6.182',6,182,100172993.9,42.693099,42.693099,2878.900654,2878.900654,166520.4726,18.68481149,80,,,
'6.183',6,183,100473498.8,43.3875396,43.3875396,2922.288194,2922.288194,169442.7608,18.44087735,80,,,
'6.184',6,184,100773998.7,44.10059405,44.10059405,2966.388788,2966.388788,172409.1496,18.19694725,80,,,
'6.185',6,185,101074494.3,44.83302128,44.83302128,3011.221809,3011.221809,175420.3714,17.95302068,80,,,
'6.186',6,186,101374986.1,45.58562198,45.58562198,3056.807431,3056.807431,178477.1788,17.70909721,80,,,
'6.187',6,187,101675474.5,46.35924157,46.35924157,3103.166673,3103.166673,181580.3455,17.46517643,80,,,
'6.188',6,188,101975960,47.1547733,47.1547733,3150.321446,3150.321446,184730.6669,17.22125801,80,,,
'6.189',6,189,102276443.1,47.97316174,47.97316174,3198.294608,3198.294608,187928.9615,16.97734164,80,,,
'6.190',6,190,102576923.9,48.81540651,48.81540651,3247.110014,3247.110014,191176.0715,16.73342707,80,,,
'6.191',6,191,102877402.7,49.68256637,49.68256637,3296.792581,3296.792581,194472.8641,16.48951406,80,,,
'6.192',6,192,103177879.9,50.5757636,50.5757636,3347.368344,3347.368344,197820.2325,16.24560242,80,,,
'6.193',6,193,103478355.7,51.49618895,51.49618895,3398.864533,3398.864533,201219.097,16.00169196,80,,,
'6.194',6,194,103778830.1,52.44510682,52.44510682,3451.30964,3451.30964,204670.4066,15.75778255,80,,,
'6.195',6,195,104079303.4,53.42386116,53.42386116,3504.733501,3504.733501,208175.1401,15.51387404,80,,,
'6.196',6,196,104379775.8,54.43388174,54.43388174,3559.167383,3559.167383,211734.3075,15.26996631,80,,,
'6.197',6,197,104680247.3,55.47669117,55.47669117,3614.644074,3614.644074,215348.9516,15.02605928,80,,,
'6.198',6,198,104980718.1,56.55391255,56.55391255,3671.197987,3671.197987,219020.1496,14.78215284,80,,,
'6.199',6,199,105281188.2,57.66727786,57.66727786,3728.865265,3728.865265,222749.0148,14.53824692,80,,,
'6.200',6,200,105581657.8,58.81863733,58.81863733,3787.683902,3787.683902,226536.6987,14.29434145,80,,,
'6.201',6,201,105882126.9,60.00996961,60.00996961,3847.693872,3847.693872,230384.3926,14.05043638,80,,,
'7.100',7,100,70666300.64,14.45556507,14.45556507,751.5776105,751.5776105,31412.46888,42.63679924,100,1.30901E+14,1.30901E+14,1037000
'7.105',7,105,73015228.6,15.32000792,15.32000792,826.9006388,826.9006388,35396.01426,40.73006259,100,,,
'7.106',7,106,73596939.12,15.54194168,15.54194168,842.4425805,842.4425805,36238.45684,40.25786046,100,,,
'7.107',7,107,74159094.71,15.76260864,15.76260864,858.2051891,858.2051891,37096.66203,39.80153201,100,,,
'7.108',7,108,74702692.58,15.98219727,15.98219727,874.1873864,874.1873864,37970.84941,39.36026773,100,,,
'7.109',7,109,75228711.1,16.2008969,16.2008969,890.3882833,890.3882833,38861.2377,38.93327345,100,,,
'7.110',7,110,76003390.27,16.47640672,16.47640672,906.86469,906.86469,39768.10239,38.30442949,100,,,
'7.111',7,111,76475386.24,16.68954384,16.68954384,923.5542339,923.5542339,40691.65662,37.92128789,100,,,
'7.112',7,112,76934116.48,16.90263492,16.90263492,940.4568688,940.4568688,41632.11349,37.54891471,100,,,
'7.113',7,113,77380385.78,17.11585703,17.11585703,957.5727258,957.5727258,42589.68621,37.18665667,100,,,
'7.114',7,114,77814973.84,17.32938649,17.32938649,974.9021123,974.9021123,43564.58833,36.83388085,100,,,
'7.115',7,115,78238633.65,17.54339847,17.54339847,992.4455108,992.4455108,44557.03384,36.48997602,100,,,
'7.116',7,116,78652089.99,17.75806664,17.75806664,1010.203577,1010.203577,45567.23741,36.15435382,100,,,
'7.117',7,117,79056038.34,17.97356281,17.97356281,1028.17714,1028.17714,46595.41456,35.82644971,100,,,
'7.118',7,118,79751609.83,18.38778785,18.38778785,1046.564928,1046.564928,47641.97948,35.26182121,100,,,
'7.119',7,119,80138223.69,18.60833535,18.60833535,1065.173263,1065.173263,48707.15275,34.94798834,100,,,
'7.120',7,120,80517311.92,18.83028241,18.83028241,1084.003546,1084.003546,49791.15629,34.64026437,100,,,
'7.121',7,121,80889431.43,19.05379051,19.05379051,1103.057336,1103.057336,50894.21363,34.33819724,100,,,
'7.122',7,122,81255110.17,19.27901895,19.27901895,1122.336355,1122.336355,52016.54998,34.0413584,100,,,
'7.123',7,123,81614847.11,19.50612475,19.50612475,1141.84248,1141.84248,53158.39246,33.7493428,100,,,
'7.124',7,124,81969112.5,19.73526267,19.73526267,1161.577743,1161.577743,54319.97021,33.46176872,100,,,
'7.125',7,125,82318348.32,19.96658521,19.96658521,1181.544328,1181.544328,55501.51453,33.17827737,100,,,
'7.126',7,126,82662968.85,20.20024266,20.20024266,1201.744571,1201.744571,56703.25911,32.89853248,100,,,
'7.127',7,127,83003361.39,20.43638319,20.43638319,1222.180954,1222.180954,57925.44006,32.62221965,100,,,
'7.128',7,128,83339887.13,20.67515302,20.67515302,1242.856107,1242.856107,59168.29617,32.34904569,100,,,
'7.129',7,129,83672882.07,20.91669653,20.91669653,1263.772803,1263.772803,60432.06897,32.07873784,100,,,
'7.130',7,130,84002658.09,21.16115649,21.16115649,1284.93396,1284.93396,61717.00293,31.81104294,100,,,
'7.131',7,131,84329503.96,21.40867424,21.40867424,1306.342634,1306.342634,63023.34556,31.54572658,100,,,
'7.132',7,132,84653686.54,21.65938995,21.65938995,1328.002024,1328.002024,64351.34759,31.28257215,100,,,
'7.133',7,133,84975451.86,21.91344284,21.91344284,1349.915467,1349.915467,65701.26305,31.02137992,100,,,
'7.134',7,134,85295026.3,22.17097146,22.17097146,1372.086438,1372.086438,67073.34949,30.76196613,100,,,
'7.135',7,135,85612617.78,22.43211397,22.43211397,1394.518552,1394.518552,68467.86804,30.50416201,100,,,
'7.136',7,136,85928416.85,22.69700841,22.69700841,1417.215561,1417.215561,69885.08361,30.24781287,100,,,
'7.137',7,137,86242597.85,22.96579302,22.96579302,1440.181354,1440.181354,71325.26496,29.99277719,100,,,
'7.138',7,138,86555320,23.2386065,23.2386065,1463.41996,1463.41996,72788.68492,29.73892573,100,,,
'7.139',7,139,86866728.45,23.51558838,23.51558838,1486.935549,1486.935549,74275.62047,29.48614066,100,,,
'7.140',7,140,87176955.32,23.79687925,23.79687925,1510.732428,1510.732428,75786.3529,29.23431475,100,,,
'7.141',7,141,87486120.64,24.08262117,24.08262117,1534.815049,1534.815049,77321.16794,28.98335053,100,,,
'7.142',7,142,87794333.35,24.3729579,24.3729579,1559.188007,1559.188007,78880.35595,28.73315961,100,,,
'7.143',7,143,88101692.1,24.66803529,24.66803529,1583.856042,1583.856042,80464.21199,28.48366188,100,,,
'7.144',7,144,88408286.15,24.96800157,24.96800157,1608.824044,1608.824044,82073.03604,28.23478489,100,,,
'7.145',7,145,88714196.12,25.27300767,25.27300767,1634.097051,1634.097051,83707.13309,27.9864632,100,,,
'7.146',7,146,89019494.74,25.58320758,25.58320758,1659.680259,1659.680259,85366.81335,27.73863778,100,,,
'7.147',7,147,89324247.53,25.89875868,25.89875868,1685.579018,1685.579018,87052.39237,27.49125542,100,,,
'7.148',7,148,89628513.45,26.21982204,26.21982204,1711.79884,1711.79884,88764.19121,27.24426829,100,,,
'7.149',7,149,89932345.47,26.54656282,26.54656282,1738.345403,1738.345403,90502.53661,26.99763337,100,,,
'7.150',7,150,90235791.14,26.87915057,26.87915057,1765.224553,1765.224553,92267.76116,26.75131207,100,,,
'7.151',7,151,90538893.1,27.21775962,27.21775962,1792.442313,1792.442313,94060.20347,26.50526978,100,,,
'7.152',7,152,90841689.53,27.56256942,27.56256942,1820.004882,1820.004882,95880.20836,26.25947551,100,,,
'7.153',7,153,91144214.57,27.91376493,27.91376493,1847.918647,1847.918647,97728.127,26.01390153,100,,,
'7.154',7,154,91446498.75,28.27153698,28.27153698,1876.190184,1876.190184,99604.31719,25.76852306,100,,,
'7.155',7,155,91748569.33,28.63608269,28.63608269,1904.826267,1904.826267,101509.1435,25.52331799,100,,,
'7.156',7,156,92050450.61,29.00760585,29.00760585,1933.833873,1933.833873,103442.9773,25.27826659,100,,,
'7.157',7,157,92352164.24,29.38631735,29.38631735,1963.22019,1963.22019,105406.1975,25.03335127,100,,,
'7.158',7,158,92653729.5,29.77243564,29.77243564,1992.992626,1992.992626,107399.1901,24.78855639,100,,,
'7.159',7,159,92955163.54,30.16618715,30.16618715,2023.158813,2023.158813,109422.349,24.54386802,100,,,
'7.160',7,160,93256481.61,30.56780676,30.56780676,2053.72662,2053.72662,111476.0756,24.2992738,100,,,
'7.161',7,161,93557697.24,30.97753834,30.97753834,2084.704158,2084.704158,113560.7797,24.05476274,100,,,
'7.162',7,162,93858822.43,31.39563523,31.39563523,2116.099793,2116.099793,115676.8795,23.81032508,100,,,
'7.163',7,163,94159867.84,31.8223608,31.8223608,2147.922154,2147.922154,117824.8017,23.56595219,100,,,
'7.164',7,164,94460842.9,32.25798904,32.25798904,2180.180143,2180.180143,120004.9818,23.32163641,100,,,
'7.165',7,165,94761755.95,32.70280512,32.70280512,2212.882948,2212.882948,122217.8648,23.07737095,100,,,
'7.166',7,166,95062614.39,33.15710609,33.15710609,2246.040054,2246.040054,124463.9048,22.83314983,100,,,
'7.167',7,167,95363424.76,33.62120152,33.62120152,2279.661256,2279.661256,126743.5661,22.58896774,100,,,
'7.168',7,168,95664192.81,34.09541421,34.09541421,2313.75667,2313.75667,129057.3227,22.34481998,100,,,
'7.169',7,169,95964923.66,34.58008099,34.58008099,2348.336751,2348.336751,131405.6595,22.10070244,100,,,
'7.170',7,170,96265621.79,35.07555349,35.07555349,2383.412304,2383.412304,133789.0718,21.85661145,100,,,
'7.171',7,171,96566291.18,35.58219903,35.58219903,2418.994503,2418.994503,136208.0663,21.61254379,100,,,
'7.172',7,172,96866935.32,36.10040153,36.10040153,2455.094905,2455.094905,138663.1612,21.36849662,100,,,
'7.173',7,173,97167557.3,36.63056247,36.63056247,2491.725467,2491.725467,141154.8867,21.12446746,100,,,
'7.174',7,174,97468159.82,37.17310195,37.17310195,2528.898569,2528.898569,143683.7853,20.88045408,100,,,
'7.175',7,175,97768745.27,37.72845982,37.72845982,2566.627029,2566.627029,146250.4123,20.63645456,100,,,
'7.176',7,176,98069315.75,38.29709685,38.29709685,2604.924126,2604.924126,148855.3364,20.39246718,100,,,
'7.177',7,177,98369873.11,38.87949603,38.87949603,2643.803622,2643.803622,151499.14,20.14849046,100,,,
'7.178',7,178,98670418.98,39.47616392,39.47616392,2683.279786,2683.279786,154182.4198,19.90452307,100,,,
'7.179',7,179,98970954.77,40.08763215,40.08763215,2723.367418,2723.367418,156905.7872,19.66056386,100,,,
'7.180',7,180,99271481.74,40.71445899,40.71445899,2764.081877,2764.081877,159669.8691,19.41661181,100,,,
'7.181',7,181,99572000.99,41.35723105,41.35723105,2805.439108,2805.439108,162475.3082,19.17266603,100,,,
'7.182',7,182,99872513.49,42.01656513,42.01656513,2847.455673,2847.455673,165322.7639,18.92872573,100,,,
'7.183',7,183,100173020.1,42.69311017,42.69311017,2890.148783,2890.148783,168212.9127,18.68479023,100,,,
'7.184',7,184,100473521.5,43.3875494,43.3875494,2933.536333,2933.536333,171146.449,18.44085893,100,,,
'7.185',7,185,100774018.4,44.10060264,44.10060264,2977.636935,2977.636935,174124.0859,18.1969313,100,,,
'7.186',7,186,101074511.3,44.83302882,44.83302882,3022.469964,3022.469964,177146.5559,17.95300688,100,,,
'7.187',7,187,101375000.8,45.5856286,45.5856286,3068.055593,3068.055593,180214.6115,17.70908527,100,,,
'7.188',7,188,101675487.2,46.35924737,46.35924737,3114.41484,3114.41484,183329.0263,17.4651661,100,,,
'7.189',7,189,101975971.1,47.15477839,47.15477839,3161.569619,3161.569619,186490.596,17.22124907,100,,,
'7.190',7,190,102276452.6,47.9731662,47.9731662,3209.542785,3209.542785,189700.1387,16.97733392,100,,,
'7.191',7,191,102576932.1,48.81541043,48.81541043,3258.358195,3258.358195,192958.4969,16.73342039,100,,,
'7.192',7,192,102877409.8,49.6825698,49.6825698,3308.040765,3308.040765,196266.5377,16.48950829,100,,,
'7.193',7,193,103177886.1,50.57576662,50.57576662,3358.616532,3358.616532,199625.1542,16.24559743,100,,,
'7.194',7,194,103478361,51.49619159,51.49619159,3410.112723,3410.112723,203035.267,16.00168765,100,,,
'7.195',7,195,103778834.7,52.44510914,52.44510914,3462.557832,3462.557832,206497.8248,15.75777883,100,,,
'7.196',7,196,104079307.4,53.42386319,53.42386319,3515.981696,3515.981696,210013.8065,15.51387082,100,,,
'7.197',7,197,104379779.2,54.43388352,54.43388352,3570.415579,3570.415579,213584.2221,15.26996354,100,,,
'7.198',7,198,104680250.3,55.47669273,55.47669273,3625.892272,3625.892272,217210.1143,15.02605688,100,,,
'7.199',7,199,104980720.6,56.55391392,56.55391392,3682.446186,3682.446186,220892.5605,14.78215077,100,,,
'7.200',7,200,105281190.4,57.66727906,57.66727906,3740.113465,3740.113465,224632.674,14.53824514,100,,,
'7.201',7,201,105581659.7,58.81863838,58.81863838,3798.932103,3798.932103,228431.6061,14.29433992,100,,,
'7.202',7,202,105882128.5,60.00997054,60.00997054,3858.942074,3858.942074,232290.5482,14.05043506,100,,,
'7.203',7,203,106182597,61.24339402,61.24339402,3920.185468,3920.185468,236210.7336,13.80653052,100,,,
'7.204',7,204,106483065.1,62.52117969,62.52117969,3982.706647,3982.706647,240193.4403,13.56262625,100,,,
'7.205',7,205,106783532.9,63.84576477,63.84576477,4046.552412,4046.552412,244239.9927,13.31872222,100,,,
'7.206',7,206,107084000.5,65.21976831,65.21976831,4111.772181,4111.772181,248351.7649,13.07481839,100,,,
'7.207',7,207,107384467.8,66.64600852,66.64600852,4178.418189,4178.418189,252530.1831,12.83091475,100,,,
'7.208',7,208,107684934.9,68.12752205,68.12752205,4246.545711,4246.545711,256776.7288,12.58701127,100,,,
'7.209',7,209,107985401.9,69.66758553,69.66758553,4316.213297,4316.213297,261092.9421,12.34310792,100,,,
'7.210',7,210,108285868.7,71.26973985,71.26973985,4387.483037,4387.483037,265480.4251,12.09920469,100,,,
'7.211',7,211,108586335.4,72.93781724,72.93781724,4460.420854,4460.420854,269940.846,11.85530157,100,,,
'7.212',7,212,108886802,74.67597195,74.67597195,4535.096826,4535.096826,274475.9428,11.61139853,100,,,
'7.213',7,213,109187268.5,76.48871475,76.48871475,4611.58554,4611.58554,279087.5283,11.36749558,100,,,
'7.214',7,214,109487734.9,78.38095205,78.38095205,4689.966492,4689.966492,283777.4948,11.12359269,100,,,
'7.215',7,215,109788201.3,80.3580302,80.3580302,4770.324523,4770.324523,288547.8193,10.87968986,100,,,
'7.216',7,216,110088667.5,82.425786,82.425786,4852.750309,4852.750309,293400.5696,10.63578708,100,,,
'7.217',7,217,110389133.8,84.59060418,84.59060418,4937.340913,4937.340913,298337.9106,10.39188435,100,,,
'7.218',7,218,110689599.9,86.85948331,86.85948331,5024.200396,5024.200396,303362.111,10.14798166,100,,,
'7.219',7,219,110990066,89.24011137,89.24011137,5113.440508,5113.440508,308475.5515,9.904078996,100,,,
'7.220',7,220,111290532.1,91.74095274,91.74095274,5205.18146,5205.18146,313680.7329,9.660176365,100,,,
'7.221',7,221,111590998.2,94.37134881,94.37134881,5299.552809,5299.552809,318980.2857,9.41627376,100,,,
'7.222',7,222,111891464.2,97.14163455,97.14163455,5396.694444,5396.694444,324376.9802,9.172371176,100,,,
'7.223',7,223,112191930.2,100.0632742,100.0632742,5496.757718,5496.757718,329873.7379,8.928468612,100,,,
'7.224',7,224,112492396.2,103.14902,103.14902,5599.906738,5599.906738,335473.6446,8.684566065,100,,,
'7.225',7,225,112792862.2,106.4130979,106.4130979,5706.319836,5706.319836,341179.9645,8.440663532,100,,,
'7.226',7,226,113093328.1,109.8714273,109.8714273,5816.191263,5816.191263,346996.1557,8.196761012,100,,,
'7.227',7,227,113393794.1,113.5418804,113.5418804,5929.733143,5929.733143,352925.8889,7.952858503,100,,,
'7.228',7,228,113694260,117.4445913,117.4445913,6047.177735,6047.177735,358973.0666,7.708956003,100,,,
'7.229',7,229,113994725.9,121.6023253,121.6023253,6168.78006,6168.78006,365141.8467,7.465053511,100,,,
'7.230',7,230,114295191.8,126.0409236,126.0409236,6294.820984,6294.820984,371436.6677,7.221151026,100,,,
'7.231',7,231,114595657.7,130.7898405,130.7898405,6425.610824,6425.610824,377862.2785,6.977248548,100,,,
'7.232',7,232,114896123.6,135.882798,135.882798,6561.493622,6561.493622,384423.7721,6.733346074,100,,,
'7.233',7,233,115196589.5,141.3585879,141.3585879,6702.85221,6702.85221,391126.6243,6.489443606,100,,,
'7.234',7,234,115497055.4,147.2620617,147.2620617,6850.114272,6850.114272,397976.7386,6.245541141,100,,,
'8.120',8,120,80328481.35,18.78612131,18.78612131,1085.239712,1085.239712,48034.11251,34.79354714,120,1.30921E+14,1.30921E+14,32989300
'8.126',8,126,82214743.74,19.94145558,19.94145558,1182.414328,1182.414328,53749.1042,33.26237814,120,,,
'8.127',8,127,82571323.97,20.17784752,20.17784752,1202.592176,1202.592176,54951.69637,32.972925,120,,,
'8.128',8,128,82922373.64,20.41644308,20.41644308,1223.008619,1223.008619,56174.70499,32.68796126,120,,,
'8.129',8,129,83268384.8,20.65741455,20.65741455,1243.666033,1243.666033,57418.37103,32.40708753,120,,,
'8.130',8,130,83609812.64,20.90093032,20.90093032,1264.566964,1264.566964,58682.93799,32.1299343,120,,,
'8.131',8,131,83947077.42,21.14715513,21.14715513,1285.714119,1285.714119,59968.65211,31.85616042,120,,,
'8.132',8,132,84280566.32,21.39625047,21.39625047,1307.110369,1307.110369,61275.76248,31.5854516,120,,,
'8.133',8,133,84610635.34,21.64837492,21.64837492,1328.758744,1328.758744,62604.52122,31.31751886,120,,,
'8.134',8,134,84937611.18,21.90368449,21.90368449,1350.662429,1350.662429,63955.18365,31.052097,120,,,
'8.135',8,135,85261793.09,22.16233306,22.16233306,1372.824762,1372.824762,65328.00841,30.78894311,120,,,
'8.136',8,136,85583454.66,22.42447268,22.42447268,1395.249234,1395.249234,66723.25765,30.52783511,120,,,
'8.137',8,137,85902845.57,22.69025405,22.69025405,1417.939488,1417.939488,68141.19713,30.2685703,120,,,
'8.138',8,138,86220193.3,22.95982684,22.95982684,1440.899315,1440.899315,69582.09645,30.01096403,120,,,
'8.139',8,139,86535704.77,23.23334015,23.23334015,1464.132655,1464.132655,71046.2291,29.75484835,120,,,
'8.140',8,140,86849567.85,23.51094285,23.51094285,1487.643598,1487.643598,72533.8727,29.50007074,120,,,
'8.141',8,141,87161952.89,23.79278401,23.79278401,1511.436382,1511.436382,74045.30908,29.24649293,120,,,
'8.142',8,142,87473014.08,24.07901328,24.07901328,1535.515395,1535.515395,75580.82448,28.99398975,120,,,
'8.143',8,143,87782890.82,24.36978129,24.36978129,1559.885177,1559.885177,77140.70966,28.74244805,120,,,
'8.144',8,144,88091708.91,24.66524005,24.66524005,1584.550417,1584.550417,78725.26007,28.49176571,120,,,
'8.145',8,145,88399581.76,24.9655433,24.9655433,1609.51596,1609.51596,80334.77603,28.24185066,120,,,
'8.146',8,146,88706611.44,25.27084694,25.27084694,1634.786807,1634.786807,81969.56284,27.99262004,120,,,
'8.147',8,147,89012889.75,25.58130938,25.58130938,1660.368116,1660.368116,83629.93096,27.74399936,120,,,
'8.148',8,148,89318499.07,25.89709196,25.89709196,1686.265208,1686.265208,85316.19617,27.49592172,120,,,
'8.149',8,149,89623513.3,26.2183593,26.2183593,1712.483568,1712.483568,87028.67973,27.24832715,120,,,
'8.150',8,150,89927998.64,26.5452797,26.5452797,1739.028847,1739.028847,88767.70858,27.0011619,120,,,
'8.151',8,151,90232014.31,26.87802554,26.87802554,1765.906873,1765.906873,90533.61545,26.75437791,120,,,
'8.152',8,152,90535613.25,27.21677363,27.21677363,1793.123647,1793.123647,92326.7391,26.5079322,120,,,
'8.153',8,153,90838842.7,27.56170566,27.56170566,1820.685352,1820.685352,94147.42445,26.26178641,120,,,
'8.154',8,154,91141744.83,27.91300855,27.91300855,1848.598361,1848.598361,95996.02281,26.01590633,120,,,
'8.155',8,155,91444357.18,28.27087489,28.27087489,1876.869236,1876.869236,97872.89205,25.77026148,120,,,
'8.156',8,156,91746713.18,28.63550335,28.63550335,1905.504739,1905.504739,99778.39679,25.52482472,120,,,
'8.157',8,157,92048842.56,29.00709911,29.00709911,1934.511838,1934.511838,101712.9086,25.27957191,120,,,
'8.158',8,158,92350771.75,29.38587427,29.38587427,1963.897712,1963.897712,103676.8063,25.03448162,120,,,
'8.159',8,159,92952990.04,30.16548179,30.16548179,1994.063194,1994.063194,105670.8695,24.54563236,120,,,
'8.160',8,160,93254583.63,30.56718463,30.56718463,2024.630379,2024.630379,107695.4999,24.30081448,120,,,
'8.161',8,161,93556040.68,30.97698984,30.97698984,2055.607369,2055.607369,109751.1073,24.05610745,120,,,
'8.162',8,162,93857377.28,31.39515183,31.39515183,2087.002521,2087.002521,111838.1098,23.81149817,120,,,
'8.163',8,163,94158607.72,31.82193493,31.82193493,2118.824455,2118.824455,113956.9343,23.56697509,120,,,
'8.164',8,164,94459744.62,32.25761398,32.25761398,2151.082069,2151.082069,116108.0163,23.32252793,120,,,
'8.165',8,165,94760799.15,32.70247493,32.70247493,2183.784544,2183.784544,118291.8009,23.07814763,120,,,
'8.166',8,166,95061781.21,33.15681549,33.15681549,2216.94136,2216.94136,120508.7422,22.83382616,120,,,
'8.167',8,167,95362699.53,33.62094583,33.62094583,2250.562306,2250.562306,122759.3045,22.58955644,120,,,
'8.168',8,168,95663561.81,34.09518931,34.09518931,2284.657495,2284.657495,125043.962,22.3453322,120,,,
'8.169',8,169,95964374.85,34.57988323,34.57988323,2319.237378,2319.237378,127363.1994,22.10114793,120,,,
'8.170',8,170,96265144.66,35.07537964,35.07537964,2354.312758,2354.312758,129717.5122,21.85699875,120,,,
'8.171',8,171,96565876.53,35.58204624,35.58204624,2389.894804,2389.894804,132107.407,21.61288038,120,,,
'8.172',8,172,96866575.09,36.10026728,36.10026728,2425.995071,2425.995071,134533.402,21.36878904,120,,,
'8.173',8,173,97167244.46,36.63044453,36.63044453,2462.625516,2462.625516,136996.0276,21.1247214,120,,,
'8.174',8,174,97467888.23,37.17299837,37.17299837,2499.798514,2499.798514,139495.8261,20.88067454,120,,,
'8.175',8,175,97768509.58,37.72836887,37.72836887,2537.526883,2537.526883,142033.353,20.63664588,120,,,
'8.176',8,176,98069111.28,38.297017,38.297017,2575.8239,2575.8239,144609.1769,20.39263317,120,,,
'8.177',8,177,98369695.78,38.87942594,38.87942594,2614.703326,2614.703326,147223.8802,20.14863441,120,,,
'8.178',8,178,98670265.23,39.47610241,39.47610241,2654.179429,2654.179429,149878.0596,19.90464788,120,,,
'8.179',8,179,98970821.52,40.08757817,40.08757817,2694.267007,2694.267007,152572.3266,19.66067203,120,,,
'8.180',8,180,99271366.28,40.71441164,40.71441164,2734.981418,2734.981418,155307.308,19.41670554,120,,,
'8.181',8,181,99571900.98,41.35718951,41.35718951,2776.338608,2776.338608,158083.6466,19.17274721,120,,,
'8.182',8,182,99872426.88,42.01652869,42.01652869,2818.355137,2818.355137,160902.0018,18.92879603,120,,,
'8.183',8,183,100172945.1,42.69307821,42.69307821,2861.048215,2861.048215,163763.05,18.68485109,120,,,
'8.184',8,184,100473456.6,43.38752137,43.38752137,2904.435736,2904.435736,166667.4857,18.44091161,120,,,
'8.185',8,185,100773962.2,44.10057807,44.10057807,2948.536314,2948.536314,169616.022,18.19697688,120,,,
'8.186',8,186,101074462.7,44.83300727,44.83300727,2993.369321,2993.369321,172609.3914,17.95304631,120,,,
'8.187',8,187,101374958.8,45.58560971,45.58560971,3038.954931,3038.954931,175648.3463,17.70911936,120,,,
'8.188',8,188,101675450.9,46.35923082,46.35923082,3085.314162,3085.314162,178733.6605,17.46519557,120,,,
'8.189',8,189,101975939.7,47.15476387,47.15476387,3132.468926,3132.468926,181866.1294,17.22127455,120,,,
'8.190',8,190,102276425.5,47.97315348,47.97315348,3180.442079,3180.442079,185046.5715,16.97735593,120,,,
'8.191',8,191,102576908.7,48.81539928,48.81539928,3229.257479,3229.257479,188275.8289,16.73343941,120,,,
'8.192',8,192,102877389.6,49.68256003,49.68256003,3278.940039,3278.940039,191554.769,16.48952471,120,,,
'8.193',8,193,103177868.6,50.57575805,50.57575805,3329.515797,3329.515797,194884.2848,16.24561161,120,,,
'8.194',8,194,103478345.9,51.49618408,51.49618408,3381.011981,3381.011981,198265.2968,16.0016999,120,,,
'8.195',8,195,103778821.7,52.44510256,52.44510256,3433.457083,3433.457083,201698.7538,15.75778939,120,,,
'8.196',8,196,104079296.2,53.42385742,53.42385742,3486.880941,3486.880941,205185.6348,15.51387994,120,,,
'8.197',8,197,104379769.5,54.43387847,54.43387847,3541.314819,3541.314819,208726.9496,15.26997141,120,,,
'8.198',8,198,104680241.9,55.47668831,55.47668831,3596.791508,3596.791508,212323.7411,15.02606367,120,,,
'8.199',8,199,104980713.4,56.55391003,56.55391003,3653.345418,3653.345418,215977.0865,14.78215662,120,,,
'8.200',8,200,105281184.2,57.66727566,57.66727566,3711.012693,3711.012693,219688.0992,14.53825018,120,,,
'8.201',8,201,105581654.4,58.8186354,58.8186354,3769.831329,3769.831329,223457.9305,14.29434426,120,,,
'8.202',8,202,105882123.9,60.00996793,60.00996793,3829.841297,3829.841297,227287.7718,14.0504388,120,,,
'8.203',8,203,106182593,61.24339173,61.24339173,3891.084688,3891.084688,231178.8565,13.80653374,120,,,
'8.204',8,204,106483061.7,62.52117768,62.52117768,3953.605866,3953.605866,235132.4624,13.56262903,120,,,
'8.205',8,205,106783530,63.84576301,63.84576301,4017.451629,4017.451629,239149.914,13.31872461,120,,,
'8.206',8,206,107083997.9,65.21976677,65.21976677,4082.671396,4082.671396,243232.5854,13.07482045,120,,,
'8.207',8,207,107384465.6,66.64600717,66.64600717,4149.317403,4149.317403,247381.9028,12.83091652,120,,,
'8.208',8,208,107684933.1,68.12752086,68.12752086,4217.444924,4217.444924,251599.3478,12.58701279,120,,,
'8.209',8,209,107985400.3,69.66758449,69.66758449,4287.112508,4287.112508,255886.4603,12.34310923,120,,,
'8.210',8,210,108285867.4,71.26973893,71.26973893,4358.382247,4358.382247,260244.8425,12.09920582,120,,,
'8.211',8,211,108586334.3,72.93781643,72.93781643,4431.320064,4431.320064,264676.1626,11.85530254,120,,,
'8.212',8,212,108886801,74.67597124,74.67597124,4505.996035,4505.996035,269182.1586,11.61139937,120,,,
'8.213',8,213,109187267.6,76.48871413,76.48871413,4582.484749,4582.484749,273764.6434,11.36749629,120,,,
'8.214',8,214,109487734.2,78.38095151,78.38095151,4660.865701,4660.865701,278425.5091,11.1235933,120,,,
'8.215',8,215,109788200.6,80.35802973,80.35802973,4741.22373,4741.22373,283166.7328,10.87969039,120,,,
'8.216',8,216,110088667,82.42578558,82.42578558,4823.649516,4823.649516,287990.3823,10.63578754,120,,,
'8.217',8,217,110389133.3,84.59060381,84.59060381,4908.24012,4908.24012,292898.6224,10.39188474,120,,,
'8.218',8,218,110689599.5,86.85948299,86.85948299,4995.099603,4995.099603,297893.722,10.14798199,120,,,
'8.219',8,219,110990065.7,89.24011108,89.24011108,5084.339714,5084.339714,302978.0617,9.904079283,120,,,
'8.220',8,220,111290531.8,91.74095249,91.74095249,5176.080666,5176.080666,308154.1424,9.660176611,120,,,
'8.221',8,221,111590997.9,94.37134859,94.37134859,5270.452015,5270.452015,313424.5944,9.416273971,120,,,
'8.222',8,222,111891464,97.14163436,97.14163436,5367.593649,5367.593649,318792.1881,9.172371357,120,,,
'8.223',8,223,112191930,100.0632741,100.0632741,5467.656923,5467.656923,324259.845,8.928468767,120,,,
'8.224',8,224,112492396.1,103.1490198,103.1490198,5570.805943,5570.805943,329830.6509,8.684566198,120,,,
'8.225',8,225,112792862,106.4130977,106.4130977,5677.219041,5677.219041,335507.87,8.440663646,120,,,
'8.226',8,226,113093328,109.8714272,109.8714272,5787.090468,5787.090468,341294.9604,8.196761109,120,,,
'8.227',8,227,113393794,113.5418803,113.5418803,5900.632348,5900.632348,347195.5928,7.952858586,120,,,
'8.228',8,228,113694259.9,117.4445912,117.4445912,6018.076939,6018.076939,353213.6697,7.708956074,120,,,
'8.229',8,229,113994725.9,121.6023253,121.6023253,6139.679265,6139.679265,359353.349,7.465053572,120,,,
'8.230',8,230,114295191.8,126.0409235,126.0409235,6265.720188,6265.720188,365619.0692,7.221151078,120,,,
'8.231',8,231,114595657.7,130.7898404,130.7898404,6396.510029,6396.510029,372015.5792,6.977248592,120,,,
'8.232',8,232,114896123.6,135.8827979,135.8827979,6532.392827,6532.392827,378547.972,6.733346112,120,,,
'8.233',8,233,115196589.5,141.3585879,141.3585879,6673.751414,6673.751414,385221.7235,6.489443638,120,,,
'8.234',8,234,115497055.4,147.2620617,147.2620617,6821.013476,6821.013476,392042.7369,6.245541169,120,,,
'8.235',8,235,115797521.3,153.6453616,153.6453616,6974.658838,6974.658838,399017.3958,6.001638704,120,,,
'8.236',8,236,116097987.1,160.5694653,160.5694653,7135.228303,7135.228303,406152.6241,5.757736242,120,,,
'8.237',8,237,116398453,168.1061394,168.1061394,7303.334442,7303.334442,413455.9585,5.513833784,120,,,
'8.238',8,238,116698918.9,176.3404367,176.3404367,7479.674879,7479.674879,420935.6334,5.269931328,120,,,
'8.239',8,239,116999384.8,185.3739197,185.3739197,7665.048799,7665.048799,428600.6822,5.026028874,120,,,
'8.240',8,240,117299850.6,195.3288709,195.3288709,7860.37767,7860.37767,436461.0599,4.782126423,120,,,
'8.241',8,241,117600316.5,206.3538604,206.3538604,8066.73153,8066.73153,444527.7914,4.538223973,120,,,
'8.242',8,242,117900782.4,218.6312116,218.6312116,8285.362742,8285.362742,452813.1541,4.294321525,120,,,
'8.243',8,243,118201248.2,232.3871634,232.3871634,8517.749905,8517.749905,461330.904,4.050419078,120,,,
'8.244',8,244,118501714.1,247.9059395,247.9059395,8765.655845,8765.655845,470096.5599,3.806516632,120,,,
'8.245',8,245,118802180,265.5495977,265.5495977,9031.205442,9031.205442,479127.7653,3.562614187,120,,,
