currentTimestep,currentTime,totalTimestepsRun,versions,sent_time_ns,recv_time_ns,latency,currentThrust,drag,currentMassFlowRate,currentOxidiserMass,currentFuelMass,currentRocketTotalMass,netThrust,currentAcceleration,currentVelocityDelta,currentVelocity,currentAltitudeDelta,currentAltitude,requiredThrustChange
1,1,1,1,125803639254900,125803654192400,14937500,123191000.0,21162.87234873467,30628.52738619129,6446032.690811836,1074338.7818019725,7951371.472613809,45188045.85365853,5.683050528993097,5.683050528993097,5.683050528993097,5.683050528993097,5.683050528993097,63.31871171298348
2,2,2,1,125803762624500,125803809706900,47082400,123191000.0,85412.61213504327,30628.52738619129,6419779.667337958,1069963.2778896594,7920742.945227617,45467348.834968336,5.740288398370912,5.740288398370912,11.423338927364009,11.423338927364009,17.106389456357107,63.09198818503923
3,3,3,1,125803890677300,125803921656600,30979300,123191000.0,193675.91162581768,30628.52738619129,6393526.643864079,1065587.7739773463,7890114.417841426,45703564.948840566,5.792509782303528,5.792509782303528,17.215848709667537,17.215848709667537,34.32223816602465,62.90024031882154
4,4,4,1,125804042782100,125804057573400,14791300,123191000.0,346579.3852323482,30628.52738619129,6341020.596916323,1056836.76615272,7828857.3630690435,45895767.50300832,5.839538125355673,5.839538125355673,23.05538683502321,23.05538683502321,57.37762500104786,62.744220354564604
5,5,5,1,125804197405000,125804223091000,25686000,123191000.0,544436.0057446223,30628.52738619129,6314767.573442444,1052461.2622404068,7798228.835682852,46145939.1162066,5.917489738830655,5.917489738830655,34.85410901273567,34.85410901273567,121.16835328768855,62.54114414510265
6,6,6,1,125804326630000,125804354409900,27779900,123191000.0,787235.7079968007,30628.52738619129,6288514.549968566,1048085.7583280938,7767600.308296661,46203605.26761295,5.948247004710368,5.948247004710368,40.80235601744604,40.80235601744604,161.9707093051346,62.49433378443803
7,7,7,1,125804478498000,125804494181800,15683800,123191000.0,1074640.4397494195,30628.52738619129,6262261.526494687,1043710.2544157808,7736971.78091047,46216666.38951887,5.973482610282986,5.973482610282986,46.77583862772902,46.77583862772902,208.74654793286362,62.483731449928264
8,8,8,1,125804606773900,125804622328800,15554900,123191000.0,1405983.834658426,30628.52738619129,6236008.503020809,1039334.7505034677,7706343.253524278,46185788.84826839,5.993217188599356,5.993217188599356,52.769055816328375,52.769055816328375,261.515603749192,62.508796220285255
9,9,9,1,125804726918900,125804758232300,31313400,123191000.0,1780275.5691828388,30628.52738619129,6209755.479546931,1034959.2465911547,7675714.726138087,46111962.967402525,6.007513907516339,6.007513907516339,58.776569723844716,58.776569723844716,320.2921734730367,62.56872420274004
10,10,10,1,125804919164900,125804966233500,47068600,123191000.0,2652181.3488092422,30628.52738619129,6183502.456073052,1030583.7426788417,7645086.198751896,45996494.04190343,6.016478146369706,6.016478146369706,64.79304787021442,64.79304787021442,385.08522134325113,62.66245582720861
12,12,12,1,125805044209600,125805059111000,14901400,123191000.0,3146297.8364813365,30628.52738619129,6157249.432599174,1026208.2387665287,7614457.671365704,45840988.89509319,6.020256579464483,6.020256579464483,70.81330444967891,70.81330444967891,455.89852579293006,62.788686758697324
13,13,13,1,125805184718700,125805216456600,31737900,123191000.0,3676406.573490233,30628.52738619129,6104743.385651417,1017457.2309419026,7553200.616593322,45647338.26107964,6.019035686915121,6.019035686915121,76.83234013659403,76.83234013659403,532.730865929524,62.94588219831024
14,14,14,1,125805328284900,125805344315400,16030500,123191000.0,4240116.540785224,30628.52738619129,6078490.362177539,1013081.7270295896,7522572.0892071305,45154451.26409282,6.0025282215476965,6.0025282215476965,88.84790808569151,88.84790808569151,704.4241538793594,63.3459820408205
15,15,15,1,125805488138100,125805504032200,15894100,123191000.0,4834826.429714125,30628.52738619129,6052237.33870366,1008706.2231172766,7491943.561820939,44860207.228822455,5.98779300172932,5.98779300172932,94.83570108742083,94.83570108742083,799.2598549667803,63.584833933629525
16,16,16,1,125805604068300,125805631798800,27730500,123191000.0,5457754.302172077,30628.52738619129,6025984.315229782,1004330.7192049635,7461315.034434748,44537745.210023046,5.969154901579239,5.969154901579239,100.80485598900007,100.80485598900007,900.0647109557804,63.8465917071677
17,17,17,1,125805737941100,125805769774500,31833400,123191000.0,6105968.785145606,30628.52738619129,5999731.2917559035,999955.2152926505,7430686.507048557,44189996.58070805,5.9469601548646365,5.9469601548646365,106.75181614386472,106.75181614386472,1006.8165270996451,64.12887582639311
19,19,19,1,125805906923800,125805921397100,14473300,123191000.0,7465977.653429087,30628.52738619129,5973478.268282025,995579.7113803375,7400057.979662365,43820010.067086905,5.921576585956187,5.921576585956187,112.6733927298209,112.6733927298209,1119.489919829466,64.42921149508737
20,20,20,1,125806006451000,125806084479900,78028900,123191000.0,8171451.47514789,30628.52738619129,5947225.244808147,991204.2074680245,7369429.452276174,43430919.419741645,5.893389671615251,5.893389671615251,118.56678240143616,118.56678240143616,1238.0567022309021,64.74505489870067
21,21,21,1,125806164537500,125806190858000,26320500,123191000.0,8889633.76611934,30628.52738619129,5920972.221334268,986828.7035557114,7338800.924889983,43025911.451681376,5.862798554155683,5.862798554155683,124.42958095559185,124.42958095559185,1362.486283186494,65.07381914938479
22,22,22,1,125806313482400,125806376306800,62824400,123191000.0,9617323.208385415,30628.52738619129,5894719.19786039,982453.1996433984,7308172.397503791,42608195.01436847,5.830212082698253,5.830212082698253,130.2597930382901,130.2597930382901,1492.746076224784,65.41289946962969
23,23,23,1,125806465665000,125806476076200,10411200,123191000.0,10351353.691514004,30628.52738619129,5868466.174386512,978077.6957310854,7277543.8701176,42180971.42576092,5.7960449539796866,5.7960449539796866,136.05583799226977,136.05583799226977,1628.8019142170538,65.75969719722957
24,24,24,1,125806585190100,125806703856700,118666600,123191000.0,11088619.718663493,30628.52738619129,5842213.150912633,973702.1918187723,7246915.342731409,41747406.796290874,5.760714017193971,5.760714017193971,141.81655200946375,141.81655200946375,1770.6184662265175,66.11164224960356
25,25,25,1,125806732941800,125806803799900,70858100,123191000.0,11826099.255010616,30628.52738619129,5815960.127438755,969326.6879064593,7216286.8153452175,41310606.622799926,5.724634799015217,5.724634799015217,147.54118680847895,147.54118680847895,1918.1596530349964,66.4662137471082
26,26,26,1,125806912045500,125806959882500,47837000,123191000.0,12560873.810445054,30628.52738619129,5763454.080490998,960575.6800818333,7155029.760572835,40873592.940111324,5.688218295685312,5.688218295685312,153.22940510416427,153.22940510416427,2071.3890581391606,66.82095856019407
27,27,27,1,125807075778600,125807119290800,43512200,123191000.0,13290145.628340848,30628.52738619129,5737201.05701712,956200.1761695202,7124401.233186644,40010478.27409818,5.6159776751094155,5.6159776751094155,164.49725084852653,164.49725084852653,2394.767582161104,67.52158982872272
28,28,28,1,125807207492200,125807215182200,7690000,123191000.0,14011251.927912684,30628.52738619129,5710948.033543241,951824.6722572072,7093772.705800452,39589837.82818487,5.5809284382361115,5.5809284382361115,170.07817928676263,170.07817928676263,2564.8457614478666,67.86304370596483
29,29,29,1,125807399349600,125807431236400,31886800,123191000.0,14721676.217083063,30628.52738619129,5684695.010069363,947449.1683448942,7063144.178414261,39179879.39267303,5.547087586348728,5.547087586348728,175.62526687311137,175.62526687311137,2740.471028320978,68.19582648677823
30,30,30,1,125807541888200,125807573659600,31771400,123191000.0,15419056.754360065,30628.52738619129,5658441.986595484,943073.6644325812,7032515.65102807,38782964.709054574,5.514806739660077,5.514806739660077,181.14007361277146,181.14007361277146,2921.6111019337495,68.51802103314806
31,31,31,1,125807686725300,125807702789900,16064600,123191000.0,16101192.290891014,30628.52738619129,5632188.963121606,938698.1605202681,7001887.123641878,38401295.02618215,5.484420749446266,5.484420749446266,186.62449436221772,186.62449436221772,3108.2355962959673,68.82784048657601
32,32,32,1,125807862729900,125807910447700,47717800,123191000.0,16766045.267046994,30628.52738619129,5605935.939647728,934322.6566079551,6971258.596255687,38036907.90368471,5.456246871133802,5.456246871133802,192.08074123335152,192.08074123335152,3300.316337529319,69.12363086290013
33,33,33,1,125808023152000,125808038341300,15189300,123191000.0,17411742.67147129,30628.52738619129,5579682.916173849,929947.1526956421,6940630.068869496,37691676.35291896,5.430584252282194,5.430584252282194,197.5113254856337,197.5113254856337,3497.8276630149526,69.40387174962542
34,34,34,1,125808179864000,125808211583300,31719300,123191000.0,18036574.794745408,30628.52738619129,5553429.892699971,925571.6487833291,6910001.541483304,37367310.08330337,5.407713711635741,5.407713711635741,202.91903919726946,202.91903919726946,3700.746702212222,69.66717529421518
35,35,35,1,125808323670300,125808367573700,43903400,123191000.0,18638992.125252523,30628.52738619129,5527176.8692260925,921196.144871016,6879373.014097113,37065358.6064548,5.3878977823271095,5.3878977823271095,208.30693697959657,208.30693697959657,3909.0536391918185,69.91228368431558
37,37,37,1,125808568833000,125808583258300,14425300,123191000.0,19771155.761537887,30628.52738619129,5500923.845752214,916820.640958703,6848744.486710922,36787215.94311908,5.371380990267601,5.371380990267601,213.67831796986417,213.67831796986417,4122.731957161683,70.13806532691585
38,38,38,1,125808775528600,125808819093000,43564400,123191000.0,20298555.18363142,30628.52738619129,5448417.798804457,908069.633134077,6787487.431938539,36534126.6774865,5.358390337659329,5.358390337659329,219.0367083075235,219.0367083075235,4341.768665469206,70.34350993377234
39,39,39,1,125808949966000,125808981569300,31603300,123191000.0,20798830.883725177,30628.52738619129,5422164.775330579,903694.1292217639,6756858.904552348,36307193.1090515,5.349135961299599,5.349135961299599,224.3858442688231,224.3858442688231,4566.154509738029,70.52772271590335
40,40,40,1,125809110999800,125809158385900,47386100,123191000.0,21271140.468735974,30628.52738619129,5395911.7518567005,899318.6253094509,6726230.377166157,36107383.26261629,5.343811935793036,5.343811935793036,229.72965620461613,229.72965620461613,4795.884165942645,70.68991788148786
41,41,41,1,125809245987100,125809261540900,15553800,123191000.0,21714758.10954448,30628.52738619129,5369658.728382822,894943.1213971379,6695601.849779965,35935539.53126402,5.342597192813384,5.342597192813384,235.0722533974295,235.0722533974295,5030.956419340075,70.82941161995274
42,42,42,1,125809446726000,125809462646200,15920200,123191000.0,22129065.237845734,30628.52738619129,5343405.704908944,890567.6174848248,6664973.322393774,35678546.46947134,5.35314167719086,5.35314167719086,245.77105160365818,245.77105160365818,5517.145380870201,71.03802512401771
43,43,43,1,125809599933200,125809631918100,31984900,123191000.0,22513541.177216664,30628.52738619129,5317152.681435065,886192.1135725118,6634344.795007583,35594536.38375895,5.365192416671534,5.365192416671534,251.1362440203297,251.1362440203297,5768.28162489053,71.106220110431
44,44,44,1,125809851871700,125809852167100,295400,123191000.0,23191350.74578056,30628.52738619129,5290899.657961187,881816.6096601988,6603716.267621391,35540789.5566522,5.381937702398248,5.381937702398248,256.51818172272795,256.51818172272795,6024.799806613258,71.14984896895699
45,45,45,1,125810015798100,125810063377900,47579800,123191000.0,23484050.094887048,30628.52738619129,5264646.634487309,877441.1057478858,6573087.7402352,35517658.52251212,5.403496792702362,5.403496792702362,261.9216785154303,261.9216785154303,6286.721485128688,71.16862553067016
47,47,47,1,125810192610800,125810219420900,26810100,123191000.0,23745632.61969813,30628.52738619129,5238393.61101343,873065.6018355727,6542459.212849009,35525425.027064174,5.429980359265261,5.429980359265261,267.35165887469554,267.35165887469554,6554.073144003383,71.16232108915085
48,48,48,1,125810372544500,125810463998900,91454400,123191000.0,23975933.661623504,30628.52738619129,5212140.587539552,868690.0979232597,6511830.685462818,35564308.35591163,5.461491564162798,5.461491564162798,272.8131504388583,272.8131504388583,6826.886294442242,71.13075763983437
49,49,49,1,125810524597500,125810563471600,38874100,123191000.0,24174835.91409599,30628.52738619129,5185887.564065673,864314.5940109467,6481202.158076626,35634473.167644784,5.498127091011729,5.498127091011729,278.31127752987004,278.31127752987004,7105.197571972112,71.07380152150337
50,50,50,1,125810683908400,125810699426000,15517600,123191000.0,24342262.755637884,30628.52738619129,5133381.517117917,855563.5861863206,6419945.103304244,35736036.76883084,5.53997811897015,5.53997811897015,283.8512556488402,283.8512556488402,7389.048827620953,70.99135751083209
51,51,51,1,125810819678500,125810847328000,27649500,123191000.0,24478172.22991886,30628.52738619129,5107128.493644038,851188.0822740076,6389316.575918052,35869075.780947484,5.587131229905103,5.587131229905103,289.4383868787453,289.4383868787453,7678.487214499698,70.88336341051905
52,52,52,1,125811002022800,125811029815700,27792900,123191000.0,24582551.70249095,30628.52738619129,5080875.47017016,846812.5783616946,6358688.048531861,36033632.16032504,5.639669240390946,5.639669240390946,295.07805611913625,295.07805611913625,7973.565270618834,70.74978516261329
53,53,53,1,125811138539400,125811156857600,18318200,123191000.0,24655413.21632039,30628.52738619129,5054622.446696281,842437.0744493816,6328059.52114567,36229718.54141149,5.69767195133538,5.69767195133538,300.77572807047164,300.77572807047164,8274.340998689306,70.59061251113191
54,54,54,1,125811294558100,125811326048000,31489900,123191000.0,24696789.56225315,30628.52738619129,5028369.423222403,838061.5705370685,6297430.993759478,36457322.88124059,5.761216808946851,5.761216808946851,306.5369448794185,306.5369448794185,8580.877943568725,70.40585523192392
55,55,55,1,125811422337700,125811423357900,1020200,123191000.0,24706731.076022044,30628.52738619129,5002116.399748525,833686.0666247555,6266802.466373287,36716412.38896637,5.830379471462407,5.830379471462407,312.3673243508809,312.3673243508809,8893.245267919605,70.19553994288027
56,56,56,1,125811594102400,125811607293600,13191200,123191000.0,24685303.170183133,30628.52738619129,4975863.376274646,829310.5627124425,6236173.938987096,37006936.728856005,5.905234276559637,5.905234276559637,318.2725586274405,318.2725586274405,9211.517826547046,69.95970750391182
57,57,57,1,125811742186900,125811773728800,31541900,123191000.0,24632584.607294645,30628.52738619129,4949610.352800768,824935.0588001295,6205545.411600905,37328830.488353446,5.985854604693169,5.985854604693169,324.25841323213365,324.25841323213365,9535.77623977918,69.69841101350468
58,58,58,1,125811886002600,125811918156300,32153700,123191000.0,24548666.519554257,30628.52738619129,4923357.3293268895,820559.5548878164,6174916.884214713,37682014.90490048,6.072313133742628,6.072313133742628,330.3307263658763,330.3307263658763,9866.106966145057,69.4117144069774
59,59,59,1,125812042410700,125812073391600,30980900,123191000.0,24433652.179808944,30628.52738619129,4897104.305853011,816184.0509755034,6144288.356828522,38066398.8462994,6.164681980353562,6.164681980353562,336.49540834622985,336.49540834622985,10202.602374491285,69.09969166067374
60,60,60,1,125812166147900,125812177367100,11219200,123191000.0,24287657.52915899,30628.52738619129,4870851.282379133,811808.5470631904,6113659.829442331,38481879.03970325,6.2630327232178145,6.2630327232178145,342.75844106944766,342.75844106944766,10545.360815560733,68.7624266060806
61,61,61,1,125812349612600,125812365259900,15647300,123191000.0,25823939.654787883,30628.52738619129,4844598.258905254,807433.0431508773,6083031.302056139,38928339.54401174,6.367436303298979,6.367436303298979,349.12587737274663,349.12587737274663,10349.762358286804,68.40001335810916
62,62,62,1,125812521505600,125812569084200,47578600,123191000.0,25580695.36099008,30628.52738619129,4818345.235431376,803057.5392385643,6052402.774669948,37692523.27204139,6.1963388646875535,6.1963388646875535,355.3222162374342,355.3222162374342,10705.084574524239,69.40318426505071
63,63,63,1,125812645350400,125812661025500,15675100,123191000.0,25283954.82999312,30628.52738619129,4792092.2119574975,798682.0353262513,6021774.247283757,38236233.41949773,6.317529556942423,6.317529556942423,361.6397457943766,361.6397457943766,11066.724320318615,68.96182885154133
64,64,64,1,125812813441000,125812828919500,15478500,123191000.0,24722907.887905333,30628.52738619129,4765839.188483619,794306.5314139383,5991145.719897565,38833439.80415322,6.4488368725662255,6.4488368725662255,368.08858266694284,368.08858266694284,11434.812902985559,68.4770479952649
65,65,65,1,125812971029300,125812999732200,28702900,123191000.0,24157140.58572257,30628.52738619129,4739586.165009741,789931.0275016252,5960517.192511374,39694952.599899545,6.625602924006034,6.625602924006034,374.7141855909489,374.7141855909489,11809.527088576508,67.77771704109915
66,66,66,1,125813141633300,125813172742000,31108700,123191000.0,23586547.729456622,30628.52738619129,4713333.141535862,785555.5235893122,5929888.665125183,40561185.75574085,6.804977562467362,6.804977562467362,381.51916315341623,381.51916315341623,12191.046251729924,67.0745543459012
67,67,67,1,125813293015100,125813308623800,15608700,123191000.0,23011108.353961896,30628.52738619129,4687080.118061984,781180.0196769992,5899260.1377389915,41432244.465665326,6.987018948489933,6.987018948489933,388.5061821019062,388.5061821019062,12579.55243383183,66.36747451870241
68,68,68,1,125813480867100,125813496406500,15539400,123191000.0,22430883.451121796,30628.52738619129,4660827.094588106,776804.5157646862,5868631.6103528,42308149.6948186,7.171772172609096,7.171772172609096,395.6779542745153,395.6779542745153,12975.230388106345,65.65646054109585
69,69,69,1,125813636775000,125813652388900,15613900,123191000.0,21846013.824103266,30628.52738619129,4634574.071114227,772429.0118523731,5838003.082966609,43188840.451317236,7.3592693014037875,7.3592693014037875,403.0372235759191,403.0372235759191,13378.267611682264,64.94156192309728
70,70,70,1,125813768687600,125813796128000,27440400,123191000.0,21256717.991714723,30628.52738619129,4608321.047640349,768053.5079400601,5807374.555580418,44074175.9319943,7.549529403399663,7.549529403399663,410.58675297931876,410.58675297931876,13788.854364661584,64.2228929613411
71,71,71,1,125813920400700,125813952275900,31875200,123191000.0,20663290.07119057,30628.52738619129,4582068.02416647,763678.0040277471,5776746.028194226,44963937.618041374,7.742558567164342,7.742558567164342,418.3293115464831,418.3293115464831,14207.183676208067,63.5006310379481
72,72,72,1,125814076511000,125814092111100,15600100,123191000.0,20066097.571809337,30628.52738619129,4555815.000692592,759302.500115434,5746117.500808035,45857831.39222407,7.938349923712837,7.938349923712837,426.26766147019595,426.26766147019595,14633.451337678263,62.77501490188076
73,73,73,1,125814188381800,125814203833200,15451400,123191000.0,19465579.03584299,30628.52738619129,4529561.977218714,754926.996203121,5715488.973421844,46755489.74526384,8.136883685147223,8.136883685147223,434.40454515534316,434.40454515534316,15067.855882833606,62.04634287791816
74,74,74,1,125814327636400,125814359212100,31575700,123191000.0,18862241.46762208,30628.52738619129,4503308.953744835,750551.492290808,5684860.446035652,47656474.13488872,8.338127211250127,8.338127211250127,442.7426723665933,442.7426723665933,15510.5985552002,61.31497095170205
75,75,75,1,125814484761700,125814500825100,16063400,123191000.0,18256657.496156726,30628.52738619129,4477055.930270957,746175.988378495,5654231.918649461,48560277.55676817,8.542035115502575,8.542035115502575,451.2847074820959,451.2847074820959,15961.883262682297,60.58131068278675
76,76,76,1,125814668680100,125814700268800,31588700,123191000.0,17649462.221926495,30628.52738619129,4450802.906797078,741800.484466182,5623603.39126327,49466327.381892055,8.748549421670576,8.748549421670576,460.03325690376647,460.03325690376647,16421.916519586062,59.84582690140347
77,77,77,1,125814824819000,125814872029400,47210400,123191000.0,17041349.704271413,30628.52738619129,4424549.8833232,737424.9805538689,5592974.8638770785,50373988.509780824,8.957599781670407,8.957599781670407,468.9908566854369,468.9908566854369,16890.907376271498,59.109035148849486
78,78,78,1,125815023992800,125815095946700,71953900,123191000.0,16433069.052383987,30628.52738619129,4398296.859849322,733049.4766415559,5562346.336490887,52191313.3866404,9.382967228100775,9.382967228100775,487.54292767838905,487.54292767838905,17856.610264400177,57.63382602086159
79,79,79,1,125815143987500,125815172077900,28090400,123191000.0,15825420.090291897,30628.52738619129,4372043.836375443,728673.9727292429,5531717.809104696,53099428.202391036,9.599084775256303,9.599084775256303,497.14201245364535,497.14201245364535,18353.752276853822,56.89666598826941
80,80,80,1,125815239722400,125815287791100,48068700,123191000.0,15219248.574473415,30628.52738619129,4345790.812901565,724298.4688169298,5501089.281718505,54006065.57186806,9.817340313189193,9.817340313189193,506.95935276683457,506.95935276683457,18860.711629620655,56.16070526916085
81,81,81,1,125815395813700,125815412166500,16352800,123191000.0,14615440.951868942,30628.52738619129,4319537.7894276865,719922.9649046168,5470460.754332313,54910339.048131056,10.03760771058361,10.03760771058361,516.9969604774182,516.9969604774182,19377.708590098075,55.426663434722464
82,82,82,1,125815551697000,125815567725600,16028600,123191000.0,14014918.656004325,30628.52738619129,4293284.765953808,715547.4609923038,5439832.226946122,55811327.19765422,10.259751563879801,10.259751563879801,527.256712041298,527.256712041298,19904.96530213937,54.695288456417906
83,83,83,1,125815706414700,125815738331900,31917200,123191000.0,13418631.949648708,30628.52738619129,4267031.74247993,711171.9570799908,5409203.699559931,56708079.757668376,10.48362807307144,10.48362807307144,537.7403401143695,537.7403401143695,20442.705642253743,53.96735170778029
84,84,84,1,125815847668500,125815895395800,47727300,123191000.0,12827553.33376504,30628.52738619129,4240778.719006051,706796.4531676777,5378575.172173739,57599624.227210574,10.709086028062671,10.709086028062671,548.4494261424321,548.4494261424321,20991.155068396176,53.243642614143425
85,85,85,1,125816007365600,125816019171400,11805800,123191000.0,12242670.554306785,30628.52738619129,4214525.695532173,702420.9492553647,5347946.644787548,58484972.86032737,10.935967904117103,10.935967904117103,559.3853940465492,559.3853940465492,21550.540462442725,52.5249629759257
86,86,86,1,125816151531300,125816183047600,31516300,123191000.0,11664979.250452235,30628.52738619129,4188272.6720582945,698045.4453430517,5317318.117401357,59363130.01784046,11.164111062599355,11.164111062599355,570.5495051091485,570.5495051091485,22121.089967551874,51.81212100085196
87,87,87,1,125816299283400,125816376263100,76979700,123191000.0,11095475.299890935,30628.52738619129,4162019.648584416,693669.9414307387,5286689.5900151655,60233099.82206029,11.393349050759666,11.393349050759666,581.9428541599082,581.9428541599082,22703.032821711782,51.10592509025798
88,88,88,1,125816484429500,125816500920800,16491300,123191000.0,10535146.928487865,30628.52738619129,4135766.6251105377,689294.4375184256,5256061.062628974,61093894.04712188,11.623512991792369,11.623512991792369,593.5663671517005,593.5663671517005,23296.59918886348,50.40717743412921
89,89,89,1,125816644160000,125816692082500,47922500,123191000.0,9984966.662723737,30628.52738619129,4109513.6016366594,684918.9336061126,5225432.535242783,61944540.16654457,11.854433053869007,11.854433053869007,605.4208002055695,605.4208002055695,23902.019989069053,49.716667478513386
90,90,90,1,125816788296800,125816827985400,39688600,123191000.0,9445883.213396039,30628.52738619129,4083260.578162781,680543.4296937996,5194804.007856592,62784089.46953079,12.085939984372171,12.085939984372171,617.5067401899418,617.5067401899418,24519.526729258996,49.03516533713437
91,91,91,1,125816972024000,125817003760300,31736300,123191000.0,8918813.387808466,30628.52738619129,4057007.5546889026,676167.9257814866,5164175.4804704,63611625.1487769,12.31786669320977,12.31786669320977,629.8246068831515,629.8246068831515,25149.351336142146,48.36341522613105
92,92,92,1,125817167049500,125817212417300,45367800,123191000.0,8255987.852106626,30628.52738619129,4030754.531215024,671792.4218691735,5133546.953084209,64574916.538137294,12.57900573001305,12.57900573001305,642.4036126131646,642.4036126131646,25791.75494875531,47.58146574170411
93,93,93,1,125817324186200,125817340254100,16067900,123191000.0,7701093.401458763,30628.52738619129,4004501.507741146,667416.9179568605,5102918.425698018,65430276.84244368,12.822128708336859,12.822128708336859,655.2257413215015,655.2257413215015,26446.980690076813,46.88712905776909
94,94,94,1,125817491991500,125817507935900,15944400,123191000.0,7174725.809101648,30628.52738619129,3978248.4842672674,663041.4140445475,5072289.898311826,66257110.28845932,13.062563776276114,13.062563776276114,668.2883050977775,668.2883050977775,27115.26899517459,46.21594898291327
95,95,95,1,125817644099800,125817671660500,27560700,123191000.0,6676033.655980333,30628.52738619129,3951995.460793389,658665.9101322345,5041661.370925635,67056268.29523918,13.300430822653174,13.300430822653174,681.5887359204307,681.5887359204307,27796.85773109502,45.567234379752435
96,96,96,1,125817827715500,125817855420100,27704600,123191000.0,6204176.225534352,30628.52738619129,3925742.4373195106,654290.4062199214,5011032.843539444,67828591.5793437,13.53585053165094,13.53585053165094,695.1245864520816,695.1245864520816,28491.982317547103,44.94030279862676
97,97,97,1,125817947595400,125817964328100,16732700,123191000.0,5758316.874016838,30628.52738619129,3899489.413845632,649914.9023076084,4980404.3161532525,68574916.78451975,13.768945738422579,13.768945738422579,708.8935321905042,708.8935321905042,29200.875849737607,44.334475095973126
98,98,98,1,125818083481800,125818111297600,27815800,123191000.0,5337618.172271775,30628.52738619129,3873236.390371754,645539.3983952954,4949775.788767061,69296081.33992335,13.999842477144666,13.999842477144666,722.8933746676488,722.8933746676488,29923.769224405256,43.74907149067435
99,99,99,1,125818255223500,125818279071400,23847900,123191000.0,4941238.598484873,30628.52738619129,3846983.3668978754,641163.8944829823,4919147.26138087,69992926.7673688,14.22867075293063,14.22867075293063,737.1220454205794,737.1220454205794,30660.891269825835,43.18340887940776
100,100,100,1,125818383346400,125818398693900,15347500,123191000.0,4568330.576761375,30628.52738619129,3820730.343423997,636788.3905706693,4888518.733994679,70666300.64275081,14.455565067458682,14.455565067458682,751.5776104880381,751.5776104880381,31412.468880313874,42.63679924446525
101,101,101,1,125818530181600,125818547246600,17065000,123191000.0,4218039.669856142,30628.52738619129,3794477.3199501187,632412.8866583563,4857890.206608487,71317057.40331459,14.68066472690091,14.68066472690091,766.258275214939,766.258275214939,32178.727155528813,42.108548998453955
102,102,102,1,125818715371000,125818787000100,71629100,123191000.0,3889504.7467581187,30628.52738619129,3768224.2964762403,628037.3827460433,4827261.679222296,71946058.18007116,14.904113959627345,14.904113959627345,781.1623891745663,781.1623891745663,32959.88954470338,41.59795912033252
103,103,103,1,125818851138400,125818867025700,15887300,123191000.0,3581858.9576768125,30628.52738619129,3741971.273002362,623661.8788337302,4796633.151836105,72554169.822811,15.126061870092768,15.126061870092768,796.288451044659,796.288451044659,33756.17799574804,41.104325946854075
104,104,104,1,125819007631800,125819067543700,59911900,123191000.0,3294231.3606791915,30628.52738619129,3715718.2495284835,619286.3749214172,4766004.624449913,73142263.27346715,15.34666225421658,15.34666225421658,811.6351132988756,811.6351132988756,34567.81310904692,40.62694249298475
105,105,105,1,125819140954100,125819156668900,15714800,123191000.0,3025749.056024853,30628.52738619129,3689465.226054605,614910.8710091042,4735376.097063722,73711211.43178004,15.566073300383966,15.566073300383966,827.2011865992596,827.2011865992596,33625.26358086387,40.16510018444526
106,106,106,1,125819295878100,125819328046500,32168400,123191000.0,3626730.8916585026,30628.52738619129,3663212.2025807267,610535.3670967912,4704747.569677531,73410695.44980492,15.603535442144153,15.603535442144153,842.8047220414037,842.8047220414037,34468.068302905274,40.409043315010905
107,107,107,1,125819392088700,125819423927700,31839000,123191000.0,3312162.427171737,30628.52738619129,3636959.1791068483,606159.8631844781,4674119.0422913395,74025729.76795022,15.837365094505904,15.837365094505904,858.6420871359096,858.6420871359096,35326.71039004118,39.909790676307345
108,108,108,1,125819553300500,125819569542600,16242100,123191000.0,3021250.845201147,30628.52738619129,3610706.15563297,601784.3592721651,4643490.514905148,74617107.20357935,16.069184800542992,16.069184800542992,874.7112719364526,874.7112719364526,36201.421661977634,39.42974145548023
109,109,109,1,125819696977100,125819744843200,47866100,123191000.0,2752592.633376185,30628.52738619129,3584453.1321590915,597408.8553598521,4612861.987518957,75186231.26906285,16.299258783916493,16.299258783916493,891.010530720369,891.010530720369,37092.432192698005,38.96775635471516
110,110,110,1,125819803832200,125819815873600,12041400,123191000.0,2504835.275210216,30628.52738619129,3558200.108685213,593033.351447539,4582233.460132766,75734454.48088735,16.527847203728687,16.527847203728687,907.5383779240977,907.5383779240977,37999.9705706221,38.52273747198468
111,111,111,1,125819936976500,125819968859600,31883100,123191000.0,2276676.852681617,30628.52738619129,3531947.0852113348,588657.847535226,4551604.932746574,76263078.75707449,16.755206105081506,16.755206105081506,924.2935840291792,924.2935840291792,38924.264154651275,38.09362797844446
112,112,112,1,125820082731500,125820099402700,16671200,123191000.0,2066865.958961321,30628.52738619129,3505694.0617374564,584282.343622913,4520976.405360383,76773355.50445332,16.981587299023616,16.981587299023616,941.2751713282029,941.2751713282029,39865.53932597948,37.67941204759007
113,113,113,1,125820237077400,125820249910000,12832600,123191000.0,1874201.7885841182,30628.52738619129,3479441.038263578,579906.8397106,4490347.877974192,77266485.52848905,17.207238198067543,17.207238198067543,958.4824095262704,958.4824095262704,40824.021735505754,37.27911492845333
114,114,114,1,125820386556800,125820402062400,15505600,123191000.0,1697534.2972664651,30628.52738619129,3453188.0147896996,575531.335798287,4459719.350588,77743618.87346525,17.432401629312167,17.432401629312167,975.9148111555826,975.9148111555826,41799.93654666134,36.89180307533403
115,115,115,1,125820542834400,125820575372000,32537600,123191000.0,1535764.3458038396,30628.52738619129,3426934.991315821,571155.8318859739,4429090.823201809,78205854.67858641,17.657315643405806,17.657315643405806,993.5721267989884,993.5721267989884,42793.508673460325,36.516584264608284
116,116,116,1,125820670632500,125820730531800,59899300,123191000.0,1387843.762176079,30628.52738619129,3400681.967841943,566780.3279736609,4398462.295815618,78654241.1158727,17.882213334123318,17.882213334123318,1011.4543401331117,1011.4543401331117,43804.963013593435,36.15260764514234
117,117,117,1,125820854500300,125820886321500,31821200,123191000.0,1252775.2732738687,30628.52738619129,3374428.9443680644,562404.8240613479,4367833.7684294265,79089775.45843346,18.107322680201804,18.107322680201804,1029.5616628133134,1029.5616628133134,44834.52467640675,35.79906368287175
118,118,118,1,125821046385800,125821062280500,15894700,123191000.0,1129612.2726533231,30628.52738619129,3348175.920894186,558029.3201490348,4337205.241043235,79513404.31271254,18.33286641828069,18.33286641828069,1047.894529231594,1047.894529231594,45882.41920563834,35.455183972276764
119,119,119,1,125821181325100,125821209137200,27812100,123191000.0,1017458.4035533539,30628.52738619129,3321922.8974203076,553653.8162367218,4306576.713657044,79926024.03547104,18.55906195331645,18.55906195331645,1066.4535911849105,1066.4535911849105,46948.87279682325,35.120240897897546
120,120,120,1,125821378668500,125821394305800,15637300,123191000.0,822840.0153691822,30628.52738619129,3295669.873946429,549278.3123244088,4275948.186270853,80328481.34547773,18.78612131068266,18.78612131068266,1085.239712495593,1085.239712495593,48034.11250931884,34.793547137796004
121,121,121,1,125821534452100,125821578046200,43594100,123191000.0,738827.5532031452,30628.52738619129,3269416.850472551,544902.8084120958,4245319.658884661,80721574.1309723,19.014251132311582,19.014251132311582,1104.2539636279046,1104.2539636279046,49138.36647294674,34.474455008099376
122,122,122,1,125821682297300,125821729912300,47615000,123191000.0,662726.1641615428,30628.52738619129,3243163.8269986724,540527.3044997827,4214691.13149847,81106052.44679685,19.24365271766921,19.24365271766921,1123.4976163455738,1123.4976163455738,50261.864089292314,34.162355653581145
124,124,124,1,125821859066000,125821873981900,14915900,123191000.0,593877.7728087036,30628.52738619129,3216910.803524794,536151.8005874697,4184062.6041122787,81482619.689497,19.47452210906508,19.47452210906508,1142.9721384546388,1142.9721384546388,51404.83622774695,33.85667809377552
125,125,125,1,125821999413700,125822013740300,14326600,123191000.0,531668.144372205,30628.52738619129,3190657.7800509157,531776.2966751567,4153434.0767260874,81851933.93450838,19.70705021976117,19.70705021976117,1162.6791886744,1162.6791886744,52567.51541642135,33.55688813751948
126,126,126,1,125822149925400,125822208459900,58534500,123191000.0,475525.2817271599,30628.52738619129,3164404.7565770373,527400.7927628437,4122805.549339896,82214609.4166034,19.94142300253933,19.94142300253933,1182.6206116769392,1182.6206116769392,53750.13602809829,33.26248718120366
127,127,127,1,125822358105600,125822364196600,6091000,123191000.0,424917.7214503726,30628.52738619129,3111898.7096292805,518649.7849382176,4061548.4945675135,82571218.13290699,20.177821655790805,20.177821655790805,1202.79843333273,1202.79843333273,54952.934461431025,32.973010907528156
128,128,128,1,125822462076800,125822520636800,58560000,123191000.0,379352.7507669099,30628.52738619129,3085645.686155402,514274.2810259046,4030919.967181322,82922291.54684232,20.416422863780713,20.416422863780713,1223.2148561965107,1223.2148561965107,56176.14931762753,32.68802790232864
129,129,129,1,125822625015000,125822673481400,48466400,123191000.0,338374.5667737954,30628.52738619129,3059392.6626815237,509898.77711359155,4000291.439795131,83268322.37118432,20.6573990674915,20.6573990674915,1243.8722552640022,1243.8722552640022,57420.021572891535,32.407138207186954
130,130,130,1,125822774512100,125822789202200,14690100,123191000.0,301562.3983970396,30628.52738619129,3033139.6392076453,505523.2732012785,3969662.9124089396,83609766.40883596,20.900918762338456,20.900918762338456,1264.7731740263407,1264.7731740263407,58684.794746917876,32.12997182518531
131,131,131,1,125822953731200,125822980309400,26578200,123191000.0,268528.61023748794,30628.52738619129,3006886.615733767,501147.7692889655,3939034.3850227483,83947044.43087126,21.14714681905549,21.14714681905549,1285.9203208453962,1285.9203208453962,59970.715067763274,31.856187196409426
132,132,132,1,125823111024700,125823142716900,31692200,123191000.0,238916.805892894,30628.52738619129,2980633.5922598885,496772.2653766525,3908405.857636557,84280544.07268934,21.39624482414936,21.39624482414936,1307.3165656695455,1307.3165656695455,61278.03163343282,31.585469658749957
133,133,133,1,125823293348800,125823356899900,63551100,123191000.0,212399.94659941996,30628.52738619129,2954380.56878601,492396.76146433945,3877777.3302503657,84610621.73069248,21.648371436495893,21.648371436495893,1328.9649371060414,1328.9649371060414,62606.99657053887,31.317529908278626
134,134,134,1,125823446916400,125823462180000,15263600,123191000.0,188678.49919336705,30628.52738619129,2928127.5453121318,488021.2575520264,3847148.8028641744,84937604.4436445,21.903682756885,21.903682756885,1350.8686198629264,1350.8686198629264,63957.8651904018,31.052102472060056
135,135,135,1,125823606537400,125823665858800,59321400,123191000.0,167478.62551840214,30628.52738619129,2901874.5218382534,483645.7536397134,3816520.275477983,85261791.74470907,22.16233270759693,22.16233270759693,1373.0309525705234,1373.0309525705234,65330.89614297232,30.78894420476409
136,136,136,1,125823774740800,125823789840800,15100000,123191000.0,148550.42354793963,30628.52738619129,2875621.498364375,479270.24972740037,3785891.7480917918,85583457.47204259,22.424473419396172,22.424473419396172,1395.4554259899196,1395.4554259899196,66726.35156896224,30.527832818921357
137,137,137,1,125823973677300,125824046323100,72645800,123191000.0,131666.22869864313,30628.52738619129,2849368.4748904966,474894.74581508734,3755263.2207056005,85902851.52767159,22.690255623650444,22.690255623650444,1418.14568161357,1418.14568161357,68144.49725057582,30.26856545715873
138,138,138,1,125824122692400,125824138233400,15541000,123191000.0,116618.98211131124,30628.52738619129,2823115.451416618,470519.2419027743,3724634.693319409,86220201.57617941,22.959829047610395,22.959829047610395,1441.1055106611805,1441.1055106611805,69585.602761237,30.010957313294465
139,139,139,1,125824254672900,125824286570700,31897800,123191000.0,103220.6710930326,30628.52738619129,2796862.42794274,466143.7379904613,3694006.165933218,86535714.67642528,23.23334281121253,23.23334281121253,1464.3388534723929,1464.3388534723929,71049.94161470939,29.754840307794176
140,140,140,1,125824425183000,125824441408100,16225100,123191000.0,91300.8454650566,30628.52738619129,2770609.4044688614,461768.23407814826,3663377.6385470266,87161964.5203886,23.792787181765647,23.792787181765647,1511.6425864782461,1511.6425864782461,74049.43400048412,29.246483492796873
141,141,141,1,125824578322300,125824610319500,31997200,123191000.0,80705.21225364144,30628.52738619129,2744356.380994983,457392.73016583524,3632749.1111608353,87473026.00725855,24.07901656035552,24.07901656035552,1535.7216030386016,1535.7216030386016,75585.15560352273,28.993980073821504
143,143,143,1,125824795419600,125824795865700,446100,123191000.0,62942.26295004738,30628.52738619129,2718103.3575211046,453017.2262535222,3602120.583774644,87782902.76317073,24.369784609260215,24.369784609260215,1560.091387647862,1560.091387647862,77145.24699117058,28.74243835737129
144,144,144,1,125824931983900,125824945963000,13979100,123191000.0,55535.61451033998,30628.52738619129,2691850.3340472262,448641.7223412092,3571492.0563884526,88091720.66387923,24.665243341730662,24.665243341730662,1584.7566309895926,1584.7566309895926,78730.00362216018,28.49175616410352
145,145,145,1,125825074919300,125825107024500,32105200,123191000.0,48972.238618687734,30628.52738619129,2665597.310573348,444266.21842889616,3540863.5290022613,88399593.16597746,24.96554652330432,24.96554652330432,1609.722177512897,1609.722177512897,80339.72579967308,28.241841395899485
146,146,146,1,125825214914700,125825309367200,94452500,123191000.0,43160.32706468319,30628.52738619129,2639344.2870994695,439890.71451658313,3510235.00161607,88706622.39552766,25.270850058383044,25.270850058383044,1634.99302757128,1634.99302757128,81974.71882724436,27.99261115217211
147,147,147,1,125825374458400,125825406145700,31687300,123191000.0,38017.45030103785,30628.52738619129,2586838.2401517127,431139.7066919571,3448977.9468436874,89012900.16074021,25.58131237540042,25.58131237540042,1660.5743399466803,1660.5743399466803,83635.29316719103,27.743990907825886
148,148,148,1,125825518413800,125825549933700,31519900,123191000.0,33469.68889731434,30628.52738619129,2560585.2166778343,426764.20277964405,3418349.419457496,89318508.89116238,25.897094811203914,25.897094811203914,1686.4714347578843,1686.4714347578843,85321.76460194892,27.495913750872724
149,149,149,1,125825698332600,125825713860900,15528300,123191000.0,29450.832494428178,30628.52738619129,2534332.193203956,422388.698867331,3387720.892071305,89623522.50622465,26.21836199543586,26.21836199543586,1712.68979675332,1712.68979675332,87034.45439870223,27.248319677391493
150,150,150,1,125825821835000,125825837824500,15989500,123191000.0,25901.642909559636,30628.52738619129,2508079.1697300775,418013.194955018,3357092.3646851135,90232022.25952947,26.878027905554216,26.878027905554216,1766.1131068947147,1766.1131068947147,90539.80258458611,26.754371456088943
151,151,151,1,125825957676600,125826001735700,44059100,123191000.0,22769.17790643236,30628.52738619129,2481826.146256199,413637.691042705,3326463.8372989222,90535620.57819113,27.216775833554756,27.216775833554756,1793.3298827282695,1793.3298827282695,92333.13246731438,26.50792624608037
152,152,152,1,125826097580500,125826129534000,31953500,123191000.0,20006.172075078062,30628.52738619129,2455573.1227823207,409262.18713039195,3295835.309912731,90838849.43768103,27.561707699553203,27.561707699553203,1820.8915904278226,1820.8915904278226,94154.02405774221,26.261780943671994
153,153,153,1,125826257387900,125826269606800,12218900,123191000.0,17570.471248705126,30628.52738619129,2429320.0993084423,404886.6832180789,3265206.7825265396,91141750.99216594,27.913010434715137,27.913010434715137,1848.8046008625377,1848.8046008625377,96002.82865860475,26.015901330319636
154,154,154,1,125826393397900,125826422753700,29355800,123191000.0,15424.516914245583,30628.52738619129,2403067.075834564,400511.1793057659,3234578.2551403483,91444362.80015893,28.270876629692534,28.270876629692534,1877.0754774922302,1877.0754774922302,97879.90413609697,25.770256917990004
155,155,155,1,125826545185700,125826591199300,46013600,123191000.0,13534.87713952234,30628.52738619129,2376814.0523606855,396135.67539345287,3203949.727754157,91746718.2935922,28.635504951540874,28.635504951540874,1905.7109824437712,1905.7109824437712,99785.61511854074,25.52482056839201
156,156,156,1,125826683871200,125826712236200,28365000,123191000.0,11871.820636445334,30628.52738619129,2350561.028886807,391760.17148113984,3173321.2003679657,92048847.2037538,29.007100571187113,29.007100571187113,1934.7180830149582,1934.7180830149582,101720.3332015557,25.27956814722358
157,157,157,1,125826837051500,125826838107400,1055900,123191000.0,10408.93069973451,30628.52738619129,2324308.0054129288,387384.6675688268,3142692.6729817744,92350775.94734906,29.385875603205896,29.385875603205896,1964.1039586181641,1964.1039586181641,103684.43716017385,25.034478210787267
158,158,158,1,125826997053500,125827012732400,15678900,123191000.0,9122.75589863811,30628.52738619129,2298054.9819390504,383009.1636565138,3112064.145595583,92652527.9758087,29.772049559755125,29.772049559755125,1993.8760081779192,1993.8760081779192,105678.31316835177,24.7895317224402
159,159,159,1,125827130035900,125827161853200,31817300,123191000.0,7992.494549993868,30628.52738619129,2271801.958465172,378633.65974420076,3081435.618209392,92954124.09081587,30.165849820620654,30.165849820620654,2024.0418579985399,2024.0418579985399,107702.35502635031,24.544711796465755
160,160,160,1,125827275261300,125827292206400,16945100,123191000.0,6999.710160467693,30628.52738619129,2245548.9349912936,374258.15583188774,3050807.0908232005,93255582.72886394,30.567512121423825,30.567512121423825,2054.609370119964,2054.609370119964,109756.96439647027,24.300003467084494
161,161,161,1,125827431154700,125827478886100,47731400,123191000.0,6128.075190257563,30628.52738619129,2219295.911517415,369882.6519195747,3020178.563437009,93556920.21749268,30.977281062157957,30.977281062157957,2085.586651182122,2085.586651182122,111842.55104765239,24.055393480454995
162,162,162,1,125827570858000,125827634733000,63875000,123191000.0,5363.140656905286,30628.52738619129,2193042.888043537,365507.1480072617,2989550.036050818,93858151.00568457,31.39541063834167,31.39541063834167,2116.9820618204635,2116.9820618204635,113959.53310947286,23.810870107650256
163,163,163,1,125827710717400,125827742733700,32016300,123191000.0,4692.12926358996,30628.52738619129,2166789.8645696584,361131.64409494866,2958921.5086646266,94159287.87073642,31.822164797210483,31.822164797210483,2148.804226617674,2148.804226617674,116108.33733609054,23.566422976730102
164,164,164,1,125827894754900,125827926860800,32105900,123191000.0,4103.749899330216,30628.52738619129,2140536.84109578,356756.14018263563,2928292.9812784353,94460342.10375923,32.25781802151494,32.25781802151494,2181.062044639189,2181.062044639189,118289.39938072972,23.322042922162144
165,165,165,1,125828074253200,125828103528800,29275600,123191000.0,3588.0315172647893,30628.52738619129,2114283.8176219016,352380.6362703226,2897664.453892244,94761323.67579982,32.70265594365597,32.70265594365597,2213.764700582845,2213.764700582845,120503.16408131257,23.077721849972953
166,166,166,1,125828207359000,125828251334300,43975300,123191000.0,3136.1745503464786,30628.52738619129,2088030.7941480235,348005.1323580096,2867035.9265060527,95062241.38642529,33.156975993068215,33.156975993068215,2246.921676575913,2246.921676575913,122750.08575788849,22.83345261713495
167,167,167,1,125828359253100,125828375076800,15823700,123191000.0,2740.4181704255334,30628.52738619129,2061777.7706741453,343629.62844569655,2836407.3991198614,95363102.99646373,33.62108807996162,33.62108807996162,2280.5427646558746,2280.5427646558746,125030.62852254437,22.589228923814456
168,168,168,1,125828507422600,125828531044800,23622200,123191000.0,2393.9218361401067,30628.52738619129,2035524.7472002672,339254.1245333835,2805778.87173367,95663915.34645656,34.09531531875373,34.09531531875373,2314.6380799746285,2314.6380799746285,127345.266602519,22.34504521721834
169,169,169,1,125828683146400,125828698918700,15772300,123191000.0,2090.659706828813,30628.52738619129,2009271.723726389,334878.6206210705,2775150.344347479,95964684.46224439,34.579994794771586,34.579994794771586,2349.2180747694,2349.2180747694,129694.48467728839,22.100896605884852
170,170,170,1,125828803097300,125828866710100,63612800,123191000.0,1825.3266235825838,30628.52738619129,1983018.7002525108,330503.1167087575,2744521.8169612875,96265415.64898618,35.07547837807697,35.07547837807697,2384.2935531474773,2384.2935531474773,132078.77823043586,21.8567787833639
171,171,171,1,125828942931400,125828974782600,31851200,123191000.0,1593.2544744686638,30628.52738619129,1956765.6767786327,326127.61279644445,2713893.289575096,96566113.57479383,35.58213358857334,35.58213358857334,2419.8756867360507,2419.8756867360507,134498.6539171719,21.612687960326785
172,172,172,1,125829102744400,125829146508000,43763600,123191000.0,1390.3378689266783,30628.52738619129,1930512.6533047545,321752.1088841314,2683264.762188905,96866782.3450579,36.100344516892804,36.100344516892804,2455.9760312529434,2455.9760312529434,136954.62994842484,21.368620804232528
173,173,173,1,125829254518900,125829302219100,47700200,123191000.0,1212.9681464976475,30628.52738619129,1904259.6298308764,317376.6049718184,2652636.2348027136,97167425.56843887,36.6305128059391,36.6305128059391,2492.6065440588823,2492.6065440588823,139447.23649248373,21.124574385759615
174,174,174,1,125829440712900,125829501989600,61276700,123191000.0,1057.9748376245304,30628.52738619129,1878006.6063569982,313001.10105950537,2622007.7074165223,97468046.41540629,37.17305869838272,37.17305869838272,2529.779602757265,2529.779602757265,141977.016095241,20.88054613128696
175,175,175,1,125829545950100,125829577999800,32049700,123191000.0,922.5737795424885,30628.52738619129,1851753.58288312,308625.59714719234,2591379.180030331,97768647.6701229,37.728422155872444,37.728422155872444,2567.5080249131374,2567.5080249131374,144544.52412015415,20.636533780777082
176,176,176,1,125829713928400,125829741735900,27807500,123191000.0,804.3211685883264,30628.52738619129,1825500.559409242,304250.0932348793,2560750.6526441397,98069231.7763924,38.29706405624835,38.29706405624835,2605.805088969386,2605.805088969386,147150.32920912353,20.392535350478198
177,177,177,1,125829857800700,125829889586700,31786000,123191000.0,701.0729019628315,30628.52738619129,1799247.5359353637,299874.5893225663,2530122.1252579484,98369800.87831756,38.87946747562182,38.87946747562182,2644.6845564450077,2644.6845564450077,149795.01376556855,20.14854909991999
178,178,178,1,125830013592500,125830025579700,11987200,123191000.0,610.948627457309,30628.52738619129,1772994.5124614856,295499.08541025326,2499493.597871757,98670356.8562506,39.47613906283473,39.47613906283473,2684.1606955078423,2684.1606955078423,152479.17446107639,19.904573502731044
179,179,179,1,125830125494100,125830165441400,39947300,123191000.0,532.2999792970614,30628.52738619129,1746741.4889876074,291123.58149794023,2468865.070485566,98970901.3585573,40.08761051453173,40.08761051453173,2724.248306022374,2724.248306022374,155203.42276709876,19.660607220854363
180,180,180,1,125830261417000,125830277433000,16016000,123191000.0,463.68253245246075,30628.52738619129,1720488.4655137293,286748.0775856272,2438236.5430993745,99271435.82966268,40.71444015988432,40.71444015988432,2764.9627461822583,2764.9627461822583,157968.385513281,19.416649081781397
181,181,181,1,125830405553300,125830433164100,27610800,123191000.0,403.8310569108099,30628.52738619129,1694235.442039851,282372.5736733142,2407608.015713183,99571961.53479676,41.35721466490528,41.35721466490528,2806.3199608471637,2806.3199608471637,160774.7054741282,19.172698058464697
182,182,182,1,125830525245400,125830541664300,16418900,123191000.0,351.6376978689062,30628.52738619129,1667982.418565973,277997.06976100116,2376979.488326992,99872479.58181433,42.01655086729771,42.01655086729771,2848.3365117144613,2848.3365117144613,163623.04198584266,18.928753251605773
183,183,183,1,125830691876600,125830740584000,48707400,123191000.0,306.1327479636006,30628.52738619129,1641729.3950920948,273621.56584868813,2346350.9609408006,100172990.94042279,42.69309775390852,42.69309775390852,2891.02960946837,2891.02960946837,166514.07159531102,18.684813874046977
184,184,184,1,125830833111100,125830848766400,15655300,123191000.0,266.46771385680836,30628.52738619129,1615476.3716182166,269246.0619363751,2315722.4335546093,100473496.45911542,43.38753859411798,43.38753859411798,2934.4171480624877,2934.4171480624877,169448.4887433735,18.440879237025907
185,185,185,1,125831005451700,125831037041200,31589500,123191000.0,231.90041206601492,30628.52738619129,1589223.3481443385,264870.5580240621,2285093.906168418,100773996.88007575,44.100593243912144,44.100593243912144,2978.5177413064,2978.5177413064,163805.6561604459,18.19694873807685
186,186,186,1,125831188729600,125831204424500,15694900,123191000.0,331.18834559832123,30628.52738619129,1562970.3246704603,260495.05411174902,2254465.3787822267,101074363.44580077,44.83296323689706,44.83296323689706,3023.350704543297,3023.350704543297,166829.0068649892,17.953126895795336
187,187,187,1,125831328979300,125831392211800,63232500,123191000.0,286.15652512081607,30628.52738619129,1536717.3011965821,256119.55019943597,2223836.8513960354,101374874.33127977,45.58557174175826,45.58557174175826,3068.936276285055,3068.936276285055,169897.94314127427,17.709187902298247
188,188,188,1,125831440481900,125831516377400,75895500,123191000.0,247.22756334550004,30628.52738619129,1510464.277722704,251744.0462871229,2193208.324009844,101675379.11390008,46.359198075633294,46.359198075633294,3115.2954743606883,3115.2954743606883,173013.23861563497,17.46525386278212
189,189,189,1,125831592472300,125831636136800,43664500,123191000.0,213.57748116420248,30628.52738619129,1484211.2542488258,247368.54237480985,2162579.796623653,101975878.61764081,47.1547356434438,47.1547356434438,3162.4502100041323,3162.4502100041323,176175.6888256391,17.221324108383886
190,190,190,1,125831732062000,125831763932000,31870000,123191000.0,184.49302890075526,30628.52738619129,1457958.2307749477,242993.0384624968,2131951.2692374615,102276373.5557516,47.973129138328275,47.973129138328275,3210.4233391424605,3210.4233391424605,179386.11216478157,16.97739806012484
191,191,191,1,125831876187200,125831903863400,27676200,123191000.0,159.3568973539174,30628.52738619129,1431705.2073010695,238617.53455018374,2101322.74185127,102576864.54554169,48.815378286522154,48.815378286522154,3259.2387174289825,3259.2387174289825,182645.35088221057,16.733475216905706
192,192,192,1,125832041717300,125832055957700,14240400,123191000.0,137.63488779446692,30628.52738619129,1405452.1838271914,234242.0306378707,2070694.214465079,102877352.12120977,49.68254192364468,49.68254192364468,3308.921259352627,3308.921259352627,185954.27214156318,16.489555145091956
193,193,193,1,125832189040600,125832204929200,15888600,123191000.0,118.86478432256216,30628.52738619129,1379199.1603533132,229866.52672555763,2040065.6870788876,103177836.7449718,50.57574243734731,50.57574243734731,3359.4970017899745,3359.4970017899745,189313.76914335316,16.24563746948089
194,194,194,1,125832344920800,125832360950500,16029700,123191000.0,102.64670509105278,30628.52738619129,1352946.136879435,225491.02281324458,2009437.1596926963,103478318.81670955,51.49617061552426,51.49617061552426,3410.9931724054986,3410.9931724054986,192724.76231575865,16.001721865469435
195,195,195,1,125832469115900,125832512794200,43678300,123191000.0,88.63473781964241,30628.52738619129,1326693.113405557,221115.51890093152,1978808.632306505,103778798.68233536,52.44509094412555,52.44509094412555,3463.4382633496243,3463.4382633496243,196188.20057910826,15.757808052264076
196,196,196,1,125832625127700,125832656826100,31698400,123191000.0,76.52969027612612,30628.52738619129,1300440.0899316787,216740.01498861847,1948180.1049203137,104079276.64104144,53.423847404138535,53.423847404138535,3516.862110753763,3516.862110753763,199705.06268986204,15.513895786996255
197,197,197,1,125832777777600,125832794806600,17029000,123191000.0,66.07280843661232,30628.52738619129,1274187.0664578006,212364.5110763054,1917551.5775341224,104379752.95158182,54.43386982362638,54.43386982362638,3571.2959805773894,3571.2959805773894,203276.35867043943,15.269984859623007
198,198,198,1,125832921059900,125832966350300,45290400,123191000.0,57.04033425550484,30628.52738619129,1247934.0429839224,207989.00716399236,1886923.050147931,104680227.83771454,55.47668084795923,55.47668084795923,3626.772661425349,3626.772661425349,206903.13133186477,15.026075088509275
199,199,199,1,125833075014800,125833134870600,59855800,123191000.0,49.23879172918926,30628.52738619129,1221681.0195100443,203613.5032516793,1856294.5227617398,104980701.4929156,56.55390359969841,56.55390359969841,3683.3265650250473,3683.3265650250473,210586.45789688983,14.782166316601373
200,200,200,1,125833230991100,125833272981700,41990600,123191000.0,42.50090453384054,30628.52738619129,1195427.996036166,199237.99933936624,1825665.9953755485,105281174.08446133,57.667270109177046,57.667270109177046,3740.9938351342244,3740.9938351342244,214327.45173202406,14.538258408113148
201,201,201,1,125833352953800,125833380914300,27960500,123191000.0,36.68206122902671,30628.52738619129,1169174.972562288,194862.4954270532,1795037.4679893572,105581645.75696318,58.818630607876074,58.818630607876074,3799.8124657421004,3799.8124657421004,218127.26419776617,14.2943512456566
202,202,202,1,125833506803200,125833535881100,29077900,123191000.0,31.65725508325878,30628.52738619129,1142921.9490884098,190486.99151474013,1764408.940603166,105882116.63542786,60.00996378947836,60.00996378947836,3859.8224295315786,3859.8224295315786,221987.08662729774,14.050444727757823
204,204,204,1,125833708272200,125833722657200,14385000,123191000.0,23.57221403093032,30628.52738619129,1116668.9256145316,186111.48760242708,1733780.4132169746,106182586.82790627,61.24338815830076,61.24338815830076,3921.065817689879,3921.065817689879,225908.15244498762,13.806538766706769
205,205,205,1,125833891899700,125833950871700,58972000,123191000.0,20.337883516805793,30628.52738619129,1090415.9021406535,181735.98369011402,1703151.8858307833,106483056.42778598,62.52117460201997,62.52117460201997,3983.586992291899,3983.586992291899,229891.73943727952,13.562633286696286
206,206,206,1,125834080305600,125834106808500,26502900,123191000.0,17.545698672160718,30628.52738619129,1064162.8786667753,177360.47977780097,1672523.358444592,106783525.51577504,63.84576034566193,63.84576034566193,4047.432752637561,4047.432752637561,233939.1721899171,13.318728222211819
207,207,207,1,125834232709100,125834290507100,57798000,123191000.0,15.135392612202928,30628.52738619129,1037909.855192897,172984.9758654879,1641894.8310584007,107083994.16161841,65.21976446724652,65.21976446724652,4112.652517104808,4112.652517104808,238051.8247070219,13.074823516638057
208,208,208,1,125834427583200,125834474855300,47272100,123191000.0,13.054892042801864,30628.52738619129,985403.8082451405,164233.9680408618,1580637.776286018,107384462.42558302,66.64600518290796,66.64600518290796,4179.298522287716,4179.298522287716,242231.12322930963,12.830919121053471
209,209,209,1,125834564123100,125834579681700,15558600,123191000.0,11.259206252195927,30628.52738619129,959150.7847712622,159858.46412854875,1550009.2488998268,107684930.35974212,68.12751914152432,68.12751914152432,4247.42604142924,4247.42604142924,246478.54927073888,12.587014993187717
210,210,210,1,125834704220200,125834715708600,11488400,123191000.0,9.709466274409758,30628.52738619129,932897.7612973839,155482.9602162357,1519380.7215136355,107985398.00908644,69.66758300683229,69.66758300683229,4317.093624436073,4317.093624436073,250795.64289517494,12.343111096519678
211,211,211,1,125834871072400,125834886823200,15750800,123191000.0,8.372094009553937,30628.52738619129,906644.7378235057,151107.45630392263,1488752.1941274442,108285865.41248496,71.26973764982917,71.26973764982917,4388.363362085902,4388.363362085902,255184.00625726083,12.099207399497562
212,212,212,1,125834996348000,125835043799300,47451300,123191000.0,7.218083792146439,30628.52738619129,880391.7143496274,146731.95239160958,1458123.6667412529,108586332.60351577,72.93781532739106,72.93781532739106,4461.301177413293,4461.301177413293,259645.30743467412,11.85530387486442
213,213,213,1,125835156344000,125835183560600,27216600,123191000.0,6.222381245118972,30628.52738619129,854138.6908757491,142356.44847929652,1427495.1393550616,108886799.61118451,74.67597028620666,74.67597028620666,4535.977147699499,4535.977147699499,264181.2845823736,11.611400499075009
214,214,214,1,125835311999100,125835327657700,15658600,123191000.0,5.3633462914911645,30628.52738619129,827885.6674018708,137980.94456698347,1396866.6119688703,109187266.4605456,76.48871330649581,76.48871330649581,4612.465861005995,4612.465861005995,268793.7504433796,11.367497251791447
215,215,215,1,125835452027600,125835467488200,15460600,123191000.0,4.62228895893799,30628.52738619129,801632.6439279926,133605.4406546704,1366238.084582679,109487733.17323908,78.3809507902241,78.3809507902241,4690.846811796219,4690.846811796219,273484.5972551759,11.123594115447489
216,216,216,1,125835624039700,125835639357000,15317300,123191000.0,3.9830681404180197,30628.52738619129,775379.6204541143,129229.93674235737,1335609.5571964877,109788199.76795496,80.35802910697666,80.35802910697666,4771.204840903196,4771.204840903196,278255.80209607905,10.879691074871573
217,217,217,1,125835779774200,125835807206100,27431900,123191000.0,3.431744797795931,30628.52738619129,749126.596980236,124854.43283004433,1304981.0298102964,110088666.26083432,82.42578504148774,82.42578504148774,4853.630625944684,4853.630625944684,283109.43272202375,10.635788116961205
218,218,218,1,125835919521800,125835935292700,15770900,123191000.0,2.9562822420341677,30628.52738619129,722873.5735063577,120478.92891773129,1274352.502424105,110389132.66581619,84.5906033452941,84.5906033452941,4938.221229289978,4938.221229289978,288047.6539513137,10.391885230401419
219,219,219,1,125836067509800,125836098893800,31384000,123191000.0,2.546287116559417,30628.52738619129,696620.5500324795,116103.42500541825,1243723.9750379138,110689598.99493729,86.85948258773045,86.85948258773045,5025.080711877708,5025.080711877708,293072.7346631914,10.14798240542143
220,220,220,1,125836202515400,125836218123600,15608200,123191000.0,2.1927855702540366,30628.52738619129,670367.5265586012,111727.92109310521,1213095.4476517225,110990065.25859095,89.24011073695634,89.24011073695634,5114.320822614664,5114.320822614664,298187.0554858061,9.904079633584473
221,221,221,1,125836344216200,125836355237900,11021700,123191000.0,1.888029850917419,30628.52738619129,644114.5030847229,107352.41718079217,1182466.9202655312,111290531.46575102,91.74095219068231,91.74095219068231,5206.061774805346,5206.061774805346,303393.11726061144,9.660176907606056
222,222,222,1,125836527422500,125836528902300,1479800,123191000.0,1.6253311943873041,30628.52738619129,617861.4796108446,102976.91326847913,1151838.3928793399,111891463.74052247,97.14163413221424,97.14163413221424,5397.574757270169,5397.574757270169,314091.1251410196,9.17237156892754
223,223,223,1,125836679187000,125836710960600,31773600,123191000.0,1.398915442167803,30628.52738619129,591608.4561369664,98601.40935616608,1121209.8654931486,112191929.82059677,100.0632738557386,100.0632738557386,5497.638031125908,5497.638031125908,319588.76317214547,8.9284689461107
224,224,224,1,125836867091500,125836882904000,15812500,123191000.0,1.203798302975372,30628.52738619129,565355.4326630881,94225.90544385304,1090581.3381069573,112492395.86937244,103.14901964546537,103.14901964546537,5600.787050771373,5600.787050771373,325189.5502229168,8.68456634870044
225,225,225,1,125837006855500,125837023338200,16482700,123191000.0,1.0356775911404363,30628.52738619129,539102.4091892098,89850.40153154,1059952.810720766,112792861.89115168,106.41309759295109,106.41309759295109,5707.200148364324,5707.200148364324,330896.7503712811,8.44066377320447
226,226,226,1,125837162835000,125837178553200,15718200,123191000.0,0.8908401360121587,30628.52738619129,512849.38571533153,85474.89761922696,1029324.2833345747,113093327.88964768,109.87142703295913,109.87142703295913,5817.071575397284,5817.071575397284,336713.8219466784,8.196761216608618
227,227,227,1,125837302732700,125837334475300,31742600,123191000.0,0.7660813689651389,30628.52738619129,486596.36224145326,81099.39370691392,998695.7559483834,113393793.868065,113.54188018991206,113.54188018991206,5930.613455587196,5930.613455587196,342644.4354022656,7.952858676311582
228,228,228,1,125837470611400,125837498955800,28344400,123191000.0,0.6586358648519856,30628.52738619129,460343.338767575,76723.88979460088,968067.2285621921,113694259.82916902,117.44459111381323,117.44459111381323,6048.0580467010095,6048.0580467010095,348692.4934489666,7.708956150068576
229,229,229,1,125837605425500,125837630464900,25039400,123191000.0,0.5661173484608887,30628.52738619129,434090.3152936967,72348.38588228784,937438.7011760008,113994725.77534609,121.60232517853345,121.60232517853345,6169.660371879543,6169.660371879543,354862.1538208461,7.465053635942491
230,230,230,1,125837754547800,125837770937200,16389400,123191000.0,0.4864668786411809,30628.52738619129,407837.29181981843,67972.8819699748,906810.1737898095,114295191.70865509,126.04092346139436,126.04092346139436,6295.701295340938,6295.701295340938,361157.8551161871,7.221151132262024
231,231,231,1,125837914463100,125837978132700,63669600,123191000.0,0.4179080975117748,30628.52738619129,381584.26834594016,63597.37805766176,876181.6464036182,114595657.6308724,130.78984032733692,130.78984032733692,6426.491135668274,6426.491135668274,367584.3462518554,6.977248637585214
232,232,232,1,125838074237700,125838093497700,19260000,123191000.0,0.3589085832560801,30628.52738619129,355331.2448720619,59221.87414534872,845553.1190174269,114896123.54353046,135.8827978507669,135.8827978507669,6562.373933519041,6562.373933519041,374146.72018537443,6.733346150668098
233,233,233,1,125838226222100,125838274329200,48107100,123191000.0,0.3081464756267642,30628.52738619129,329078.2213981836,54846.370233035675,814924.5916312356,115196589.44795111,141.35858781407242,141.35858781407242,6703.732521333113,6703.732521333113,380850.4527067075,6.489443670437687
234,234,234,1,125838406023800,125838417804300,11780500,123191000.0,0.2644816561991712,30628.52738619129,302825.19792430534,50470.866320722635,784296.0642450443,115497055.34527446,147.26206162522413,147.26206162522413,6850.994582958338,6850.994582958338,387701.44728966587,6.245541195968486
235,235,235,1,125838585864800,125838601744500,15879700,123191000.0,0.2269308630169436,30628.52738619129,276572.17445042706,46095.36240840959,753667.536858853,115797521.2364838,153.64536161276956,153.64536161276956,7004.639944571107,7004.639944571107,394706.087234237,6.001638726462325
236,236,236,1,125838733700400,125838762561400,28861000,123191000.0,0.19464620363866306,30628.52738619129,250319.15097654882,41719.85849609655,723039.0094726617,116097987.12242699,160.56946527283696,160.56946527283696,7165.209409843944,7165.209409843944,401871.29664408095,5.757736261230945
237,237,237,1,125838884274300,125838916221600,31947300,123191000.0,0.1668966035129056,30628.52738619129,224066.12750267057,37344.35458378351,692410.4820864704,116398453.00383513,168.10613937138365,168.10613937138365,7333.315549215327,7333.315549215327,409204.61219329626,5.51383379968088
238,238,238,1,125839069476200,125839101392400,31916200,123191000.0,0.14305178963240045,30628.52738619129,197813.10402879232,32968.85067147047,661781.954700279,116698918.88133848,176.34043668384913,176.34043668384913,7509.655985899177,7509.655985899177,416714.2681791954,5.269931341300519
239,239,239,1,125839221216700,125839237412800,16196100,123191000.0,0.12256846388894896,30628.52738619129,171560.08055491408,28593.34675915743,631153.4273140877,116999384.75548033,185.37391970345217,185.37391970345217,7695.029905602629,7695.029905602629,424409.29808479804,5.026028885648842
240,240,240,1,125839361081400,125839377024800,15943400,123191000.0,0.10497836763194719,30628.52738619129,145307.05708103583,24217.84284684439,600524.8999278964,117299850.62672897,195.32887086083005,195.32887086083005,7890.3587764634585,7890.3587764634585,432299.6568612615,4.782126432345734
241,241,241,1,125839488501800,125839520238000,31736200,123191000.0,0.08987797963234528,30628.52738619129,119054.03360715759,19842.338934531348,569896.3725417051,117600316.4954879,206.353860388683,206.353860388683,8096.712636852141,8096.712636852141,440396.36949811364,4.538223981063634
242,242,242,1,125839613553000,125839629650600,16097600,123191000.0,0.07691962484480079,30628.52738619129,92801.01013327934,15466.835022218307,539267.8451555138,117900782.36210477,218.63121159783705,218.63121159783705,8315.343848449978,8315.343848449978,448711.7133465636,4.294321531520343
243,243,243,1,125839801274000,125839833134100,31860100,123191000.0,0.06580380180453264,30628.52738619129,66547.9866594011,11091.331109905266,508639.31776932254,118201248.22687915,232.3871633542998,232.3871633542998,8547.731011804279,8547.731011804279,457259.4443583679,4.050419083472697
244,244,244,1,125839989129800,125840004977100,15847300,123191000.0,0.05627256285819353,30628.52738619129,40294.96318552285,6715.827197592224,478010.79038313124,118501714.09006892,247.90593951883054,247.90593951883054,8795.63695132311,8795.63695132311,466055.081309691,3.8065166367113497
245,245,245,1,125840144915200,125840217833500,72918300,123191000.0,0.04810380430038892,30628.52738619129,14041.939711644602,2340.3232852791825,447382.26299693994,118802179.9518962,265.5495976886969,265.5495976886969,9061.186549011807,9061.186549011807,475116.2678587028,3.562614191055998
246,246,246,1,125840283533700,125840331400200,47866500,123191000.0,0.04110634340545103,30628.52738619129,-12211.083762233648,-2035.1806270338593,416753.73561074864,119102645.81255221,285.7866304137824,285.7866304137824,9346.97317942559,9346.97317942559,484463.2410381284,3.318711746351427
